Timestamp,Water_Consumption
11/10/2014 16,318.34586
12/10/2014 00,207.16023
12/10/2014 08,89.7798
12/10/2014 16,128.39738
13/10/2014 00,127.57317
13/10/2014 08,220.54332
13/10/2014 16,221.48912
14/10/2014 00,185.5026
14/10/2014 08,233.32889
14/10/2014 16,172.54446
15/10/2014 00,412.6329
15/10/2014 08,83.40808
15/10/2014 16,63.94511
16/10/2014 00,99.09454
16/10/2014 08,107.971855
16/10/2014 16,154.56277
17/10/2014 00,312.01996
17/10/2014 08,107.54412
17/10/2014 16,170.1916
18/10/2014 00,161.733
18/10/2014 08,104.35412
18/10/2014 16,219.25195
19/10/2014 00,227.37128
19/10/2014 08,113.45681
19/10/2014 16,119.783066
20/10/2014 00,188.24512
20/10/2014 08,102.70549
20/10/2014 16,225.07278
21/10/2014 00,194.26895
21/10/2014 08,389.12775
21/10/2014 16,99.0941
22/10/2014 00,115.50815
22/10/2014 08,241.59566
22/10/2014 16,125.27829
23/10/2014 00,209.42856
23/10/2014 08,145.76353
23/10/2014 16,186.73463
24/10/2014 00,72.61402
24/10/2014 08,189.17967
24/10/2014 16,284.7439
25/10/2014 00,198.47696
25/10/2014 08,130.49327
25/10/2014 16,95.67289
26/10/2014 00,109.78288
26/10/2014 08,115.77766
26/10/2014 16,96.80375
27/10/2014 00,155.41646
27/10/2014 08,175.00589
27/10/2014 16,155.38225
28/10/2014 00,162.13664
28/10/2014 08,133.78835
28/10/2014 16,113.7238
29/10/2014 00,256.39255
29/10/2014 08,47.868195
29/10/2014 16,173.35194
30/10/2014 00,124.583405
30/10/2014 08,129.95387
30/10/2014 16,259.08466
31/10/2014 00,210.32356
31/10/2014 08,124.1384
31/10/2014 16,172.37823
01/11/2014 00,102.55856
01/11/2014 08,59.56384
01/11/2014 16,115.69808
02/11/2014 00,197.26859
02/11/2014 08,92.671135
02/11/2014 16,173.54213
03/11/2014 00,128.0738
03/11/2014 08,146.84154
03/11/2014 16,236.16472
04/11/2014 00,223.25887
04/11/2014 08,85.07654
04/11/2014 16,134.64111
05/11/2014 00,139.34268
05/11/2014 08,189.24727
05/11/2014 16,129.69653
06/11/2014 00,164.58617
06/11/2014 08,211.3409
06/11/2014 16,113.08479
07/11/2014 00,164.3195
07/11/2014 08,79.30716
07/11/2014 16,138.51042
08/11/2014 00,194.41585
08/11/2014 08,106.168396
08/11/2014 16,62.125088
09/11/2014 00,238.87312
09/11/2014 08,201.62529
09/11/2014 16,70.838295
10/11/2014 00,292.77237
10/11/2014 08,115.28437
10/11/2014 16,105.14488
11/11/2014 00,123.423454
11/11/2014 08,137.66179
11/11/2014 16,128.17354
12/11/2014 00,105.5531
12/11/2014 08,155.50188
12/11/2014 16,201.46298
13/11/2014 00,137.84988
13/11/2014 08,237.62654
13/11/2014 16,77.540504
14/11/2014 00,144.02281
14/11/2014 08,106.43276
14/11/2014 16,104.9583
15/11/2014 00,183.61899
15/11/2014 08,236.46051
15/11/2014 16,198.91537
16/11/2014 00,248.18652
16/11/2014 08,207.46172
16/11/2014 16,106.72423
17/11/2014 00,137.27534
17/11/2014 08,269.58194
17/11/2014 16,163.9526
18/11/2014 00,247.58636
18/11/2014 08,364.0753
18/11/2014 16,157.73027
19/11/2014 00,119.79601
19/11/2014 08,218.95409
19/11/2014 16,167.45241
20/11/2014 00,79.80643
20/11/2014 08,108.97085
20/11/2014 16,193.54465
21/11/2014 00,81.11708
21/11/2014 08,167.3991
21/11/2014 16,138.20708
22/11/2014 00,85.4701
22/11/2014 08,147.17049
22/11/2014 16,173.25783
23/11/2014 00,91.973854
23/11/2014 08,253.27484
23/11/2014 16,236.8719
24/11/2014 00,157.89542
24/11/2014 08,201.61247
24/11/2014 16,157.80652
25/11/2014 00,55.013866
25/11/2014 08,279.45645
25/11/2014 16,147.44273
26/11/2014 00,306.34796
26/11/2014 08,176.67819
26/11/2014 16,67.13049
27/11/2014 00,160.02066
27/11/2014 08,206.16003
27/11/2014 16,158.02483
28/11/2014 00,120.959984
28/11/2014 08,143.43565
28/11/2014 16,200.24435
29/11/2014 00,176.16647
29/11/2014 08,231.84874
29/11/2014 16,169.9857
30/11/2014 00,270.39432
30/11/2014 08,162.17812
30/11/2014 16,157.44331
01/12/2014 00,131.76888
01/12/2014 08,259.34857
01/12/2014 16,158.34422
02/12/2014 00,167.27628
02/12/2014 08,113.135315
02/12/2014 16,82.85116
03/12/2014 00,131.8379
03/12/2014 08,119.5519
03/12/2014 16,55.585213
04/12/2014 00,150.77875
04/12/2014 08,111.67625
04/12/2014 16,102.098145
05/12/2014 00,190.85863
05/12/2014 08,166.96603
05/12/2014 16,249.18758
06/12/2014 00,185.98721
06/12/2014 08,86.961555
06/12/2014 16,213.42784
07/12/2014 00,254.55254
07/12/2014 08,132.81776
07/12/2014 16,315.22955
08/12/2014 00,114.3726
08/12/2014 08,255.26439
08/12/2014 16,152.73676
09/12/2014 00,95.60038
09/12/2014 08,165.0893
09/12/2014 16,280.98325
10/12/2014 00,122.78683
10/12/2014 08,133.09802
10/12/2014 16,192.6217
11/12/2014 00,181.32474
11/12/2014 08,120.20363
11/12/2014 16,218.64964
12/12/2014 00,154.18819
12/12/2014 08,193.69058
12/12/2014 16,217.52736
13/12/2014 00,243.05153
13/12/2014 08,259.05798
13/12/2014 16,166.15372
14/12/2014 00,170.64412
14/12/2014 08,91.2176
14/12/2014 16,185.66243
15/12/2014 00,69.0643
15/12/2014 08,333.43567
15/12/2014 16,135.90996
16/12/2014 00,338.22882
16/12/2014 08,167.587
16/12/2014 16,118.78412
17/12/2014 00,77.41123
17/12/2014 08,139.85922
17/12/2014 16,360.58163
18/12/2014 00,79.47154
18/12/2014 08,225.62172
18/12/2014 16,192.43866
19/12/2014 00,107.99606
19/12/2014 08,167.24068
19/12/2014 16,205.97258
20/12/2014 00,192.30763
20/12/2014 08,255.7134
20/12/2014 16,78.01013
21/12/2014 00,192.62132
21/12/2014 08,118.76213
21/12/2014 16,303.81158
22/12/2014 00,53.736412
22/12/2014 08,105.01782
22/12/2014 16,114.89994
23/12/2014 00,246.2911
23/12/2014 08,98.74181
23/12/2014 16,82.0423
24/12/2014 00,207.13857
24/12/2014 08,186.96005
24/12/2014 16,258.39542
25/12/2014 00,90.31141
25/12/2014 08,114.924904
25/12/2014 16,338.1089
26/12/2014 00,129.66893
26/12/2014 08,278.25388
26/12/2014 16,93.55767
27/12/2014 00,140.0211
27/12/2014 08,185.7567
27/12/2014 16,170.66737
28/12/2014 00,232.72191
28/12/2014 08,83.88755
28/12/2014 16,202.59923
29/12/2014 00,119.3562
29/12/2014 08,75.91712
29/12/2014 16,217.24036
30/12/2014 00,236.49957
30/12/2014 08,297.36615
30/12/2014 16,181.42152
31/12/2014 00,90.8698
31/12/2014 08,203.09859
31/12/2014 16,230.15234
01/01/2015 00,228.7857
01/01/2015 08,141.1485
01/01/2015 16,274.40857
02/01/2015 00,144.31013
02/01/2015 08,203.2752
02/01/2015 16,90.08181
03/01/2015 00,98.27407
03/01/2015 08,250.77371
03/01/2015 16,81.28241
04/01/2015 00,165.91736
04/01/2015 08,131.34935
04/01/2015 16,91.41187
05/01/2015 00,139.19502
05/01/2015 08,125.11283
05/01/2015 16,107.226524
06/01/2015 00,105.46496
06/01/2015 08,300.35364
06/01/2015 16,180.47112
07/01/2015 00,137.25867
07/01/2015 08,167.0212
07/01/2015 16,188.08876
08/01/2015 00,156.03514
08/01/2015 08,158.3431
08/01/2015 16,261.512
09/01/2015 00,208.04999
09/01/2015 08,169.73955
09/01/2015 16,115.71893
10/01/2015 00,122.35562
10/01/2015 08,196.4046
10/01/2015 16,276.35892
11/01/2015 00,283.81238
11/01/2015 08,196.44008
11/01/2015 16,293.24243
12/01/2015 00,117.598274
12/01/2015 08,206.11937
12/01/2015 16,100.317345
13/01/2015 00,210.65862
13/01/2015 08,320.16464
13/01/2015 16,151.72711
14/01/2015 00,106.3884
14/01/2015 08,95.4741
14/01/2015 16,240.52611
15/01/2015 00,170.6843
15/01/2015 08,138.61642
15/01/2015 16,162.44415
16/01/2015 00,196.69261
16/01/2015 08,101.64047
16/01/2015 16,52.182964
17/01/2015 00,145.22366
17/01/2015 08,239.71515
17/01/2015 16,254.57655
18/01/2015 00,155.27141
18/01/2015 08,100.98655
18/01/2015 16,311.95938
19/01/2015 00,175.37976
19/01/2015 08,177.43034
19/01/2015 16,233.48204
20/01/2015 00,129.07457
20/01/2015 08,85.20189
20/01/2015 16,84.28416
21/01/2015 00,81.277695
21/01/2015 08,158.21042
21/01/2015 16,237.31906
22/01/2015 00,104.239044
22/01/2015 08,87.894035
22/01/2015 16,315.7308
23/01/2015 00,54.914474
23/01/2015 08,119.490166
23/01/2015 16,269.28836
24/01/2015 00,154.8998
24/01/2015 08,139.62805
24/01/2015 16,225.6953
25/01/2015 00,152.19
25/01/2015 08,281.22476
25/01/2015 16,141.81757
26/01/2015 00,119.91541
26/01/2015 08,93.11133
26/01/2015 16,102.86627
27/01/2015 00,224.52536
27/01/2015 08,46.621525
27/01/2015 16,79.847244
28/01/2015 00,83.18327
28/01/2015 08,77.906555
28/01/2015 16,220.80882
29/01/2015 00,110.81621
29/01/2015 08,123.59781
29/01/2015 16,142.85757
30/01/2015 00,186.70984
30/01/2015 08,137.89262
30/01/2015 16,168.46272
31/01/2015 00,192.19254
31/01/2015 08,133.03223
31/01/2015 16,193.49475
01/02/2015 00,158.23225
01/02/2015 08,115.91502
01/02/2015 16,154.3368
02/02/2015 00,183.9239
02/02/2015 08,164.01491
02/02/2015 16,106.776344
03/02/2015 00,266.35278
03/02/2015 08,191.00046
03/02/2015 16,123.49645
04/02/2015 00,127.92676
04/02/2015 08,150.73833
04/02/2015 16,199.91525
05/02/2015 00,232.09955
05/02/2015 08,174.9304
05/02/2015 16,161.25577
06/02/2015 00,169.68596
06/02/2015 08,173.52554
06/02/2015 16,113.63204
07/02/2015 00,174.60794
07/02/2015 08,212.59856
07/02/2015 16,163.78333
08/02/2015 00,195.5192
08/02/2015 08,87.641556
08/02/2015 16,60.90509
09/02/2015 00,175.43498
09/02/2015 08,123.745224
09/02/2015 16,163.26453
10/02/2015 00,229.55975
10/02/2015 08,205.95668
10/02/2015 16,236.58337
11/02/2015 00,92.57301
11/02/2015 08,151.40512
11/02/2015 16,171.46826
12/02/2015 00,207.16759
12/02/2015 08,370.77264
12/02/2015 16,106.23441
13/02/2015 00,102.993965
13/02/2015 08,151.76991
13/02/2015 16,113.99517
14/02/2015 00,285.63126
14/02/2015 08,253.3859
14/02/2015 16,334.66858
15/02/2015 00,61.363873
15/02/2015 08,116.474525
15/02/2015 16,176.78842
16/02/2015 00,185.47813
16/02/2015 08,115.73303
16/02/2015 16,113.62437
17/02/2015 00,116.53147
17/02/2015 08,148.69547
17/02/2015 16,112.423874
18/02/2015 00,187.2097
18/02/2015 08,102.10048
18/02/2015 16,238.97255
19/02/2015 00,144.99854
19/02/2015 08,120.44182
19/02/2015 16,144.13095
20/02/2015 00,193.27731
20/02/2015 08,71.88858
20/02/2015 16,76.68514
21/02/2015 00,89.20563
21/02/2015 08,115.840096
21/02/2015 16,105.21633
22/02/2015 00,199.94084
22/02/2015 08,155.83287
22/02/2015 16,171.52318
23/02/2015 00,128.30328
23/02/2015 08,129.77402
23/02/2015 16,172.08437
24/02/2015 00,186.76503
24/02/2015 08,386.87466
24/02/2015 16,102.13854
25/02/2015 00,138.39185
25/02/2015 08,115.55469
25/02/2015 16,117.39253
26/02/2015 00,203.32579
26/02/2015 08,189.56761
26/02/2015 16,300.5073
27/02/2015 00,216.474
27/02/2015 08,191.56348
27/02/2015 16,122.2869
28/02/2015 00,115.15449
28/02/2015 08,92.495705
28/02/2015 16,160.11504
01/03/2015 00,138.20708
01/03/2015 08,247.7643
01/03/2015 16,241.30617
02/03/2015 00,153.45354
02/03/2015 08,177.6085
02/03/2015 16,154.12503
03/03/2015 00,307.1089
03/03/2015 08,94.75629
03/03/2015 16,121.07287
04/03/2015 00,164.33952
04/03/2015 08,97.25704
04/03/2015 16,175.51642
05/03/2015 00,80.559395
05/03/2015 08,177.8977
05/03/2015 16,109.13039
06/03/2015 00,119.8615
06/03/2015 08,113.139534
06/03/2015 16,283.2531
07/03/2015 00,106.76109
07/03/2015 08,80.660446
07/03/2015 16,94.11838
08/03/2015 00,134.91855
08/03/2015 08,91.69291
08/03/2015 16,204.2281
09/03/2015 00,232.17274
09/03/2015 08,86.22489
09/03/2015 16,150.05287
10/03/2015 00,193.74373
10/03/2015 08,197.70517
10/03/2015 16,243.80014
11/03/2015 00,145.79643
11/03/2015 08,129.07796
11/03/2015 16,299.5206
12/03/2015 00,105.14335
12/03/2015 08,162.21382
12/03/2015 16,241.43307
13/03/2015 00,134.74942
13/03/2015 08,160.40047
13/03/2015 16,92.23834
14/03/2015 00,219.44803
14/03/2015 08,199.68135
14/03/2015 16,117.54285
15/03/2015 00,136.92647
15/03/2015 08,241.00937
15/03/2015 16,298.4723
16/03/2015 00,267.40942
16/03/2015 08,167.79218
16/03/2015 16,118.04509
17/03/2015 00,121.81088
17/03/2015 08,224.50433
17/03/2015 16,224.06282
18/03/2015 00,165.22218
18/03/2015 08,233.33385
18/03/2015 16,133.66527
19/03/2015 00,112.97697
19/03/2015 08,161.07416
19/03/2015 16,104.01382
20/03/2015 00,103.21473
20/03/2015 08,81.37514
20/03/2015 16,135.55722
21/03/2015 00,284.12927
21/03/2015 08,114.77003
21/03/2015 16,262.10858
22/03/2015 00,134.25551
22/03/2015 08,214.38995
22/03/2015 16,204.66565
23/03/2015 00,140.08325
23/03/2015 08,115.052475
23/03/2015 16,305.0598
24/03/2015 00,296.81143
24/03/2015 08,143.71526
24/03/2015 16,213.83478
25/03/2015 00,112.71763
25/03/2015 08,121.26008
25/03/2015 16,205.61569
26/03/2015 00,110.92646
26/03/2015 08,130.27113
26/03/2015 16,144.1016
27/03/2015 00,156.93863
27/03/2015 08,109.11794
27/03/2015 16,252.50122
28/03/2015 00,156.46294
28/03/2015 08,221.32895
28/03/2015 16,143.69902
29/03/2015 00,87.5357
29/03/2015 08,135.68536
29/03/2015 16,235.54045
30/03/2015 00,139.50214
30/03/2015 08,174.17516
30/03/2015 16,92.51553
31/03/2015 00,186.8698
31/03/2015 08,83.740555
31/03/2015 16,167.73697
01/04/2015 00,127.96401
01/04/2015 08,210.2826
01/04/2015 16,231.79129
02/04/2015 00,148.54298
02/04/2015 08,196.46375
02/04/2015 16,170.70413
03/04/2015 00,335.6728
03/04/2015 08,246.35104
03/04/2015 16,200.98024
04/04/2015 00,132.06412
04/04/2015 08,274.15082
04/04/2015 16,124.22052
05/04/2015 00,349.8907
05/04/2015 08,157.48494
05/04/2015 16,174.38872
06/04/2015 00,111.348495
06/04/2015 08,218.1481
06/04/2015 16,149.67555
07/04/2015 00,111.8396
07/04/2015 08,112.11058
07/04/2015 16,86.77967
08/04/2015 00,91.564835
08/04/2015 08,170.75662
08/04/2015 16,108.59957
09/04/2015 00,162.18637
09/04/2015 08,192.35472
09/04/2015 16,91.109665
10/04/2015 00,153.87175
10/04/2015 08,85.00043
10/04/2015 16,100.46118
11/04/2015 00,164.42813
11/04/2015 08,90.99844
11/04/2015 16,250.52353
12/04/2015 00,186.58965
12/04/2015 08,132.7794
12/04/2015 16,65.793396
13/04/2015 00,133.52206
13/04/2015 08,219.09409
13/04/2015 16,173.2163
14/04/2015 00,155.27325
14/04/2015 08,168.16026
14/04/2015 16,159.0614
15/04/2015 00,105.01368
15/04/2015 08,190.58636
15/04/2015 16,111.20093
16/04/2015 00,159.86833
16/04/2015 08,139.27075
16/04/2015 16,116.58083
17/04/2015 00,262.1224
17/04/2015 08,195.2715
17/04/2015 16,116.609024
18/04/2015 00,206.35852
18/04/2015 08,239.10828
18/04/2015 16,181.87363
19/04/2015 00,73.41263
19/04/2015 08,92.399864
19/04/2015 16,114.63655
20/04/2015 00,87.023445
20/04/2015 08,93.34469
20/04/2015 16,307.58044
21/04/2015 00,206.33388
21/04/2015 08,194.9175
21/04/2015 16,77.162415
22/04/2015 00,121.46129
22/04/2015 08,148.86626
22/04/2015 16,115.08392
23/04/2015 00,103.07573
23/04/2015 08,95.986946
23/04/2015 16,196.17549
24/04/2015 00,207.87846
24/04/2015 08,148.00014
24/04/2015 16,178.35323
25/04/2015 00,135.76883
25/04/2015 08,134.53987
25/04/2015 16,71.318535
26/04/2015 00,96.90322
26/04/2015 08,51.381546
26/04/2015 16,197.02557
27/04/2015 00,169.50705
27/04/2015 08,107.134735
27/04/2015 16,241.4477
28/04/2015 00,172.95999
28/04/2015 08,104.63392
28/04/2015 16,246.36166
29/04/2015 00,91.0744
29/04/2015 08,133.9863
29/04/2015 16,153.74712
30/04/2015 00,276.53085
30/04/2015 08,213.16809
30/04/2015 16,254.92514
01/05/2015 00,81.62166
01/05/2015 08,209.64767
01/05/2015 16,100.92078
02/05/2015 00,81.27279
02/05/2015 08,130.16867
02/05/2015 16,171.52448
03/05/2015 00,151.81512
03/05/2015 08,125.39002
03/05/2015 16,133.37453
04/05/2015 00,147.37422
04/05/2015 08,171.15648
04/05/2015 16,86.21281
05/05/2015 00,132.17995
05/05/2015 08,293.33865
05/05/2015 16,299.73993
06/05/2015 00,160.55109
06/05/2015 08,63.528885
06/05/2015 16,49.01151
07/05/2015 00,103.14475
07/05/2015 08,224.67757
07/05/2015 16,160.28987
08/05/2015 00,181.2316
08/05/2015 08,105.59298
08/05/2015 16,255.6524
09/05/2015 00,174.44762
09/05/2015 08,115.1214
09/05/2015 16,284.779
10/05/2015 00,265.03406
10/05/2015 08,256.23892
10/05/2015 16,185.82451
11/05/2015 00,125.67797
11/05/2015 08,99.56909
11/05/2015 16,134.14403
12/05/2015 00,81.98228
12/05/2015 08,180.0033
12/05/2015 16,156.25214
13/05/2015 00,161.46169
13/05/2015 08,165.9465
13/05/2015 16,145.17577
14/05/2015 00,153.88857
14/05/2015 08,279.7386
14/05/2015 16,197.6603
15/05/2015 00,169.11418
15/05/2015 08,220.08736
15/05/2015 16,86.301704
16/05/2015 00,224.73206
16/05/2015 08,170.02444
16/05/2015 16,208.54839
17/05/2015 00,217.94385
17/05/2015 08,117.16513
17/05/2015 16,249.4282
18/05/2015 00,174.78758
18/05/2015 08,98.34644
18/05/2015 16,287.66113
19/05/2015 00,206.998
19/05/2015 08,93.9647
19/05/2015 16,153.75365
20/05/2015 00,166.47816
20/05/2015 08,102.11002
20/05/2015 16,160.60458
21/05/2015 00,69.549995
21/05/2015 08,146.47185
21/05/2015 16,234.02443
22/05/2015 00,150.07506
22/05/2015 08,251.01411
22/05/2015 16,92.40188
23/05/2015 00,197.00356
23/05/2015 08,147.51984
23/05/2015 16,60.318375
24/05/2015 00,90.65875
24/05/2015 08,242.18082
24/05/2015 16,145.84737
25/05/2015 00,136.53304
25/05/2015 08,82.97959
25/05/2015 16,143.16513
26/05/2015 00,123.27599
26/05/2015 08,221.15544
26/05/2015 16,282.94415
27/05/2015 00,313.5408
27/05/2015 08,203.53741
27/05/2015 16,125.069466
28/05/2015 00,123.49658
28/05/2015 08,117.991615
28/05/2015 16,107.110054
29/05/2015 00,92.68967
29/05/2015 08,237.77951
29/05/2015 16,161.79074
30/05/2015 00,302.4187
30/05/2015 08,394.7964
30/05/2015 16,133.17848
31/05/2015 00,77.73004
31/05/2015 08,79.57539
31/05/2015 16,133.7846
01/06/2015 00,108.54829
01/06/2015 08,124.56419
01/06/2015 16,204.20996
02/06/2015 00,212.00291
02/06/2015 08,166.37086
02/06/2015 16,155.99551
03/06/2015 00,134.76054
03/06/2015 08,251.34422
03/06/2015 16,161.87791
04/06/2015 00,170.76414
04/06/2015 08,120.06135
04/06/2015 16,401.05853
05/06/2015 00,232.29599
05/06/2015 08,197.62636
05/06/2015 16,197.50055
06/06/2015 00,205.45016
06/06/2015 08,131.47646
06/06/2015 16,214.52719
07/06/2015 00,199.03441
07/06/2015 08,245.37646
07/06/2015 16,177.65578
08/06/2015 00,153.58748
08/06/2015 08,231.68811
08/06/2015 16,76.39631
09/06/2015 00,250.45555
09/06/2015 08,81.39223
09/06/2015 16,91.28222
10/06/2015 00,163.41957
10/06/2015 08,140.6768
10/06/2015 16,141.0121
11/06/2015 00,295.92123
11/06/2015 08,116.52112
11/06/2015 16,253.75174
12/06/2015 00,282.8037
12/06/2015 08,127.60648
12/06/2015 16,103.97336
13/06/2015 00,115.38486
13/06/2015 08,219.24716
13/06/2015 16,266.03784
14/06/2015 00,153.18202
14/06/2015 08,190.63106
14/06/2015 16,123.28515
15/06/2015 00,299.29977
15/06/2015 08,173.46808
15/06/2015 16,238.19934
16/06/2015 00,204.47336
16/06/2015 08,172.84328
16/06/2015 16,160.06384
17/06/2015 00,149.11797
17/06/2015 08,136.19786
17/06/2015 16,171.65553
18/06/2015 00,138.25719
18/06/2015 08,159.8732
18/06/2015 16,126.93921
19/06/2015 00,136.3176
19/06/2015 08,137.99338
19/06/2015 16,170.78587
20/06/2015 00,135.19379
20/06/2015 08,133.96458
20/06/2015 16,191.812
21/06/2015 00,125.528145
21/06/2015 08,148.94038
21/06/2015 16,90.546974
22/06/2015 00,145.17491
22/06/2015 08,130.90938
22/06/2015 16,149.94313
23/06/2015 00,142.43205
23/06/2015 08,155.1819
23/06/2015 16,296.77155
24/06/2015 00,132.05052
24/06/2015 08,110.633484
24/06/2015 16,208.77347
25/06/2015 00,160.86635
25/06/2015 08,131.67213
25/06/2015 16,92.67297
26/06/2015 00,186.21478
26/06/2015 08,181.15657
26/06/2015 16,209.43913
27/06/2015 00,88.08216
27/06/2015 08,137.87155
27/06/2015 16,153.92242
28/06/2015 00,102.955
28/06/2015 08,102.41903
28/06/2015 16,86.09412
29/06/2015 00,120.34412
29/06/2015 08,129.82047
29/06/2015 16,83.35194
30/06/2015 00,122.28707
30/06/2015 08,116.93915
30/06/2015 16,225.01422
01/07/2015 00,157.90213
01/07/2015 08,131.58945
01/07/2015 16,87.847305
02/07/2015 00,350.35425
02/07/2015 08,75.31474
02/07/2015 16,251.08293
03/07/2015 00,86.91586
03/07/2015 08,116.950195
03/07/2015 16,96.62997
04/07/2015 00,114.641525
04/07/2015 08,133.6816
04/07/2015 16,154.60028
05/07/2015 00,179.86598
05/07/2015 08,136.92319
05/07/2015 16,88.75177
06/07/2015 00,133.12157
06/07/2015 08,84.93613
06/07/2015 16,186.99501
07/07/2015 00,109.040375
07/07/2015 08,352.74384
07/07/2015 16,166.28006
08/07/2015 00,89.58502
08/07/2015 08,146.22556
08/07/2015 16,104.9583
09/07/2015 00,135.37843
09/07/2015 08,87.009254
09/07/2015 16,232.2338
10/07/2015 00,194.66194
10/07/2015 08,106.55556
10/07/2015 16,125.33545
11/07/2015 00,161.62068
11/07/2015 08,91.22848
11/07/2015 16,141.89114
12/07/2015 00,170.55353
12/07/2015 08,87.07018
12/07/2015 16,148.65024
13/07/2015 00,94.1439
13/07/2015 08,218.36398
13/07/2015 16,277.571
14/07/2015 00,198.45215
14/07/2015 08,99.751656
14/07/2015 16,233.93259
15/07/2015 00,261.4137
15/07/2015 08,204.47227
15/07/2015 16,160.53499
16/07/2015 00,138.6113
16/07/2015 08,152.8117
16/07/2015 16,249.8136
17/07/2015 00,155.35353
17/07/2015 08,85.84486
17/07/2015 16,271.47363
18/07/2015 00,267.3529
18/07/2015 08,203.62137
18/07/2015 16,183.7865
19/07/2015 00,317.34464
19/07/2015 08,186.94131
19/07/2015 16,62.542694
20/07/2015 00,158.8984
20/07/2015 08,131.5844
20/07/2015 16,74.70462
21/07/2015 00,275.5918
21/07/2015 08,210.03453
21/07/2015 16,264.90805
22/07/2015 00,146.47272
22/07/2015 08,121.52247
22/07/2015 16,191.35573
23/07/2015 00,116.24543
23/07/2015 08,223.49686
23/07/2015 16,128.59503
24/07/2015 00,202.88628
24/07/2015 08,155.23473
24/07/2015 16,154.79767
25/07/2015 00,100.803215
25/07/2015 08,154.09135
25/07/2015 16,102.849686
26/07/2015 00,154.96086
26/07/2015 08,184.77225
26/07/2015 16,166.75974
27/07/2015 00,162.64853
27/07/2015 08,237.15436
27/07/2015 16,187.83885
28/07/2015 00,302.606
28/07/2015 08,117.81659
28/07/2015 16,201.73134
29/07/2015 00,135.08203
29/07/2015 08,192.5433
29/07/2015 16,138.08748
30/07/2015 00,131.05647
30/07/2015 08,231.98174
30/07/2015 16,129.52805
31/07/2015 00,373.5138
31/07/2015 08,60.095158
31/07/2015 16,171.2105
01/08/2015 00,109.4176
01/08/2015 08,117.89358
01/08/2015 16,153.31177
02/08/2015 00,153.89789
02/08/2015 08,183.9134
02/08/2015 16,113.197205
03/08/2015 00,337.18057
03/08/2015 08,104.995285
03/08/2015 16,93.33351
04/08/2015 00,151.11421
04/08/2015 08,103.24485
04/08/2015 16,125.110275
05/08/2015 00,76.58263
05/08/2015 08,100.74933
05/08/2015 16,199.02074
06/08/2015 00,92.709366
06/08/2015 08,271.6552
06/08/2015 16,199.84799
07/08/2015 00,104.062355
07/08/2015 08,87.001945
07/08/2015 16,81.72502
08/08/2015 00,183.80858
08/08/2015 08,142.55064
08/08/2015 16,85.10823
09/08/2015 00,185.30287
09/08/2015 08,110.93396
09/08/2015 16,237.03163
10/08/2015 00,111.47975
10/08/2015 08,85.22541
10/08/2015 16,50.654797
11/08/2015 00,261.74472
11/08/2015 08,139.11574
11/08/2015 16,123.639336
12/08/2015 00,124.60962
12/08/2015 08,147.26077
12/08/2015 16,238.6758
13/08/2015 00,53.986076
13/08/2015 08,109.93269
13/08/2015 16,145.43443
14/08/2015 00,71.237854
14/08/2015 08,129.02666
14/08/2015 16,100.03496
15/08/2015 00,265.0825
15/08/2015 08,51.46527
15/08/2015 16,155.29128
16/08/2015 00,136.56311
16/08/2015 08,225.88852
16/08/2015 16,187.72678
17/08/2015 00,233.86769
17/08/2015 08,109.18309
17/08/2015 16,158.7246
18/08/2015 00,265.47937
18/08/2015 08,190.77327
18/08/2015 16,182.58374
19/08/2015 00,124.79743
19/08/2015 08,131.00943
19/08/2015 16,117.33845
20/08/2015 00,253.9406
20/08/2015 08,319.75046
20/08/2015 16,219.15619
21/08/2015 00,159.54233
21/08/2015 08,120.12518
21/08/2015 16,112.962456
22/08/2015 00,140.87567
22/08/2015 08,127.161446
22/08/2015 16,220.6501
23/08/2015 00,269.52744
23/08/2015 08,85.669556
23/08/2015 16,82.09398
24/08/2015 00,101.19169
24/08/2015 08,145.0892
24/08/2015 16,227.95068
25/08/2015 00,118.784164
25/08/2015 08,147.97964
25/08/2015 16,181.68433
26/08/2015 00,153.6655
26/08/2015 08,69.72629
26/08/2015 16,226.97194
27/08/2015 00,199.41089
27/08/2015 08,276.93393
27/08/2015 16,221.17783
28/08/2015 00,101.523766
28/08/2015 08,190.09361
28/08/2015 16,103.63588
29/08/2015 00,120.064125
29/08/2015 08,239.1493
29/08/2015 16,143.0504
30/08/2015 00,113.573395
30/08/2015 08,105.60993
30/08/2015 16,358.3208
31/08/2015 00,149.83176
31/08/2015 08,170.10382
31/08/2015 16,139.62949
01/09/2015 00,216.4769
01/09/2015 08,155.30855
01/09/2015 16,138.6113
02/09/2015 00,49.373405
02/09/2015 08,160.9335
02/09/2015 16,262.51218
03/09/2015 00,109.17743
03/09/2015 08,106.32191
03/09/2015 16,203.73422
04/09/2015 00,265.16592
04/09/2015 08,57.63162
04/09/2015 16,67.15659
05/09/2015 00,240.64644
05/09/2015 08,175.51817
05/09/2015 16,97.86055
06/09/2015 00,140.68129
06/09/2015 08,216.70203
06/09/2015 16,127.16751
07/09/2015 00,227.99522
07/09/2015 08,260.21994
07/09/2015 16,198.27464
08/09/2015 00,172.58614
08/09/2015 08,66.78603
08/09/2015 16,91.88586
09/09/2015 00,248.14322
09/09/2015 08,234.6612
09/09/2015 16,205.84386
10/09/2015 00,144.15262
10/09/2015 08,209.70229
10/09/2015 16,133.92998
11/09/2015 00,173.22604
11/09/2015 08,279.6584
11/09/2015 16,81.74287
12/09/2015 00,130.56479
12/09/2015 08,171.44849
12/09/2015 16,54.931293
13/09/2015 00,325.36658
13/09/2015 08,280.36304
13/09/2015 16,130.34218
14/09/2015 00,163.0416
14/09/2015 08,98.98904
14/09/2015 16,103.056114
15/09/2015 00,111.55381
15/09/2015 08,116.20878
15/09/2015 16,241.46269
16/09/2015 00,262.0625
16/09/2015 08,207.66283
16/09/2015 16,247.0188
17/09/2015 00,220.66461
17/09/2015 08,142.45467
17/09/2015 16,133.13991
18/09/2015 00,96.286705
18/09/2015 08,334.82794
18/09/2015 16,240.94969
19/09/2015 00,271.47647
19/09/2015 08,300.02335
19/09/2015 16,367.0895
20/09/2015 00,144.04663
20/09/2015 08,156.99
20/09/2015 16,162.61905
21/09/2015 00,191.74194
21/09/2015 08,147.91743
21/09/2015 16,93.67752
22/09/2015 00,198.43758
22/09/2015 08,106.74479
22/09/2015 16,220.46335
23/09/2015 00,248.50047
23/09/2015 08,61.278854
23/09/2015 16,243.2603
24/09/2015 00,218.2821
24/09/2015 08,197.5336
24/09/2015 16,176.29198
25/09/2015 00,97.30025
25/09/2015 08,81.423416
25/09/2015 16,174.89293
26/09/2015 00,194.0257
26/09/2015 08,208.80713
26/09/2015 16,107.99903
27/09/2015 00,194.10928
27/09/2015 08,45.725586
27/09/2015 16,172.51814
28/09/2015 00,205.14925
28/09/2015 08,239.22548
28/09/2015 16,259.23752
29/09/2015 00,73.27898
29/09/2015 08,208.17715
29/09/2015 16,115.013855
30/09/2015 00,79.81246
30/09/2015 08,142.80684
30/09/2015 16,141.8141
01/10/2015 00,203.61111
01/10/2015 08,273.57626
01/10/2015 16,304.2505
02/10/2015 00,190.00584
02/10/2015 08,136.75487
02/10/2015 16,205.90216
03/10/2015 00,107.12745
03/10/2015 08,200.84933
03/10/2015 16,179.04251
04/10/2015 00,76.53804
04/10/2015 08,191.68591
04/10/2015 16,118.92639
05/10/2015 00,224.79807
05/10/2015 08,90.21875
05/10/2015 16,75.61832
06/10/2015 00,197.95946
06/10/2015 08,197.99649
06/10/2015 16,172.89557
07/10/2015 00,310.78122
07/10/2015 08,97.64805
07/10/2015 16,102.795746
08/10/2015 00,302.43805
08/10/2015 08,84.0145
08/10/2015 16,177.22943
09/10/2015 00,99.563385
09/10/2015 08,114.11024
09/10/2015 16,87.877754
10/10/2015 00,205.69096
10/10/2015 08,212.46881
10/10/2015 16,137.72218
11/10/2015 00,96.67922
11/10/2015 08,103.687256
11/10/2015 16,207.58777
12/10/2015 00,116.612625
12/10/2015 08,47.876038
12/10/2015 16,233.58551
13/10/2015 00,192.05522
13/10/2015 08,145.00551
13/10/2015 16,106.467445
14/10/2015 00,282.32593
14/10/2015 08,124.237595
14/10/2015 16,97.420944
15/10/2015 00,252.87566
15/10/2015 08,133.32782
15/10/2015 16,185.23323
16/10/2015 00,83.9044
16/10/2015 08,178.61877
16/10/2015 16,306.8114
17/10/2015 00,203.07166
17/10/2015 08,151.09196
17/10/2015 16,235.0038
18/10/2015 00,312.75122
18/10/2015 08,179.79913
18/10/2015 16,183.88524
19/10/2015 00,191.8938
19/10/2015 08,318.8046
19/10/2015 16,67.79495
20/10/2015 00,207.81041
20/10/2015 08,103.318695
20/10/2015 16,78.11604
21/10/2015 00,220.71057
21/10/2015 08,231.50995
21/10/2015 16,254.93532
22/10/2015 00,172.76817
22/10/2015 08,257.47556
22/10/2015 16,170.14146
23/10/2015 00,106.13868
23/10/2015 08,176.42018
23/10/2015 16,124.3021
24/10/2015 00,111.67625
24/10/2015 08,171.7798
24/10/2015 16,194.78473
25/10/2015 00,175.67204
25/10/2015 08,139.10834
25/10/2015 16,77.7685
26/10/2015 00,245.53613
26/10/2015 08,265.82483
26/10/2015 16,169.91917
27/10/2015 00,152.85239
27/10/2015 08,131.11777
27/10/2015 16,162.98627
28/10/2015 00,94.80332
28/10/2015 08,133.72908
28/10/2015 16,83.685295
29/10/2015 00,103.70533
29/10/2015 08,81.466545
29/10/2015 16,130.28314
30/10/2015 00,188.4316
30/10/2015 08,185.98462
30/10/2015 16,108.15273
31/10/2015 00,74.70875
31/10/2015 08,223.87982
31/10/2015 16,170.07738
01/11/2015 00,222.6982
01/11/2015 08,247.9334
01/11/2015 16,202.86931
02/11/2015 00,166.2023
02/11/2015 08,113.75771
02/11/2015 16,114.33726
03/11/2015 00,180.22772
03/11/2015 08,177.41391
03/11/2015 16,123.92563
04/11/2015 00,204.58589
04/11/2015 08,177.60953
04/11/2015 16,287.73868
05/11/2015 00,165.3462
05/11/2015 08,165.63988
05/11/2015 16,207.13747
06/11/2015 00,194.32375
06/11/2015 08,319.31693
06/11/2015 16,305.34396
07/11/2015 00,146.31894
07/11/2015 08,279.56168
07/11/2015 16,83.67634
08/11/2015 00,137.90884
08/11/2015 08,161.20016
08/11/2015 16,327.55594
09/11/2015 00,95.114235
09/11/2015 08,118.384926
09/11/2015 16,169.69327
10/11/2015 00,93.77326
10/11/2015 08,297.90387
10/11/2015 16,177.503
11/11/2015 00,87.684074
11/11/2015 08,255.15147
11/11/2015 16,122.36588
12/11/2015 00,163.31943
12/11/2015 08,105.97222
12/11/2015 16,133.0644
13/11/2015 00,203.05626
13/11/2015 08,209.8026
13/11/2015 16,242.6743
14/11/2015 00,225.24591
14/11/2015 08,73.79223
14/11/2015 16,193.07327
15/11/2015 00,101.52347
15/11/2015 08,109.52596
15/11/2015 16,133.86722
16/11/2015 00,149.85994
16/11/2015 08,242.84659
16/11/2015 16,71.70131
17/11/2015 00,125.42459
17/11/2015 08,178.3382
17/11/2015 16,132.42116
18/11/2015 00,172.58006
18/11/2015 08,169.46233
18/11/2015 16,110.538055
19/11/2015 00,331.2456
19/11/2015 08,160.65964
19/11/2015 16,161.8826
20/11/2015 00,218.33269
20/11/2015 08,97.90253
20/11/2015 16,121.247185
21/11/2015 00,59.540607
21/11/2015 08,124.266235
21/11/2015 16,316.1438
22/11/2015 00,106.471794
22/11/2015 08,101.1076
22/11/2015 16,137.6732
23/11/2015 00,156.41226
23/11/2015 08,159.85062
23/11/2015 16,178.63943
24/11/2015 00,330.5065
24/11/2015 08,138.20708
24/11/2015 16,173.37419
25/11/2015 00,228.00346
25/11/2015 08,149.73373
25/11/2015 16,214.53601
26/11/2015 00,283.8066
26/11/2015 08,101.95129
26/11/2015 16,200.27974
27/11/2015 00,124.261375
27/11/2015 08,225.82208
27/11/2015 16,85.20296
28/11/2015 00,204.88635
28/11/2015 08,52.093292
28/11/2015 16,142.55956
29/11/2015 00,140.05615
29/11/2015 08,78.66073
29/11/2015 16,71.35604
30/11/2015 00,138.35669
30/11/2015 08,160.57068
30/11/2015 16,206.35924
01/12/2015 00,274.80084
01/12/2015 08,155.35251
01/12/2015 16,189.08665
02/12/2015 00,99.51222
02/12/2015 08,135.39214
02/12/2015 16,211.79503
03/12/2015 00,231.86351
03/12/2015 08,238.68459
03/12/2015 16,122.78511
04/12/2015 00,195.61505
04/12/2015 08,180.48192
04/12/2015 16,127.87989
05/12/2015 00,80.899574
05/12/2015 08,126.44469
05/12/2015 16,251.42188
06/12/2015 00,146.36292
06/12/2015 08,139.0737
06/12/2015 16,242.17287
07/12/2015 00,95.582726
07/12/2015 08,127.72234
07/12/2015 16,54.204147
08/12/2015 00,269.85886
08/12/2015 08,113.68062
08/12/2015 16,112.75156
09/12/2015 00,156.73828
09/12/2015 08,145.67775
09/12/2015 16,152.11755
10/12/2015 00,213.23692
10/12/2015 08,182.43633
10/12/2015 16,244.1629
11/12/2015 00,75.48158
11/12/2015 08,158.93292
11/12/2015 16,228.36441
12/12/2015 00,191.68977
12/12/2015 08,166.9999
12/12/2015 16,118.232574
13/12/2015 00,113.63903
13/12/2015 08,209.12375
13/12/2015 16,153.85976
14/12/2015 00,152.41771
14/12/2015 08,181.98775
14/12/2015 16,142.8539
15/12/2015 00,91.7643
15/12/2015 08,232.88313
15/12/2015 16,382.6702
16/12/2015 00,114.72026
16/12/2015 08,263.81305
16/12/2015 16,127.03653
17/12/2015 00,248.38675
17/12/2015 08,224.76164
17/12/2015 16,156.71826
18/12/2015 00,62.79427
18/12/2015 08,78.45139
18/12/2015 16,272.6296
19/12/2015 00,231.87762
19/12/2015 08,121.006226
19/12/2015 16,78.430885
20/12/2015 00,113.33035
20/12/2015 08,183.79182
20/12/2015 16,128.18312
21/12/2015 00,276.8464
21/12/2015 08,129.41907
21/12/2015 16,278.5158
22/12/2015 00,113.93677
22/12/2015 08,227.00978
22/12/2015 16,198.80676
23/12/2015 00,142.45892
23/12/2015 08,80.35144
23/12/2015 16,190.00996
24/12/2015 00,77.92327
24/12/2015 08,100.93508
24/12/2015 16,139.94771
25/12/2015 00,308.33588
25/12/2015 08,135.7334
25/12/2015 16,101.95999
26/12/2015 00,80.938515
26/12/2015 08,154.24356
26/12/2015 16,131.11777
27/12/2015 00,162.81055
27/12/2015 08,113.46084
27/12/2015 16,82.746216
28/12/2015 00,68.03261
28/12/2015 08,242.98439
28/12/2015 16,229.34962
29/12/2015 00,217.22511
29/12/2015 08,159.52351
29/12/2015 16,232.82294
30/12/2015 00,228.513
30/12/2015 08,128.19617
30/12/2015 16,179.62651
31/12/2015 00,100.57625
31/12/2015 08,88.39147
31/12/2015 16,163.9986
01/01/2016 00,91.59514
01/01/2016 08,114.43954
01/01/2016 16,235.15306
02/01/2016 00,100.09381
02/01/2016 08,130.79805
02/01/2016 16,125.33165
03/01/2016 00,155.03339
03/01/2016 08,181.54002
03/01/2016 16,145.83878
04/01/2016 00,193.44733
04/01/2016 08,63.631382
04/01/2016 16,93.88189
05/01/2016 00,141.89278
05/01/2016 08,124.62695
05/01/2016 16,160.67648
06/01/2016 00,298.57904
06/01/2016 08,153.31879
06/01/2016 16,66.45448
07/01/2016 00,263.704
07/01/2016 08,99.830025
07/01/2016 16,87.58398
08/01/2016 00,271.5452
08/01/2016 08,103.23098
08/01/2016 16,141.30173
09/01/2016 00,153.85059
09/01/2016 08,116.58134
09/01/2016 16,56.37343
10/01/2016 00,155.90541
10/01/2016 08,137.90804
10/01/2016 16,199.41649
11/01/2016 00,154.605
11/01/2016 08,122.80894
11/01/2016 16,142.49477
12/01/2016 00,285.5513
12/01/2016 08,245.82065
12/01/2016 16,376.39203
13/01/2016 00,88.9541
13/01/2016 08,123.4031
13/01/2016 16,211.99228
14/01/2016 00,99.60122
14/01/2016 08,199.91617
14/01/2016 16,101.40336
15/01/2016 00,357.54977
15/01/2016 08,154.74677
15/01/2016 16,212.3128
16/01/2016 00,223.50261
16/01/2016 08,136.77464
16/01/2016 16,129.53244
17/01/2016 00,87.0481
17/01/2016 08,88.65446
17/01/2016 16,131.48387
18/01/2016 00,202.4841
18/01/2016 08,164.09125
18/01/2016 16,101.66523
19/01/2016 00,132.7134
19/01/2016 08,118.83056
19/01/2016 16,176.42737
20/01/2016 00,161.42894
20/01/2016 08,221.55882
20/01/2016 16,100.5513
21/01/2016 00,293.75098
21/01/2016 08,141.37967
21/01/2016 16,208.56947
22/01/2016 00,298.28278
22/01/2016 08,68.55734
22/01/2016 16,211.93636
23/01/2016 00,96.23175
23/01/2016 08,109.82306
23/01/2016 16,224.43657
24/01/2016 00,101.62328
24/01/2016 08,97.39545
24/01/2016 16,62.223034
25/01/2016 00,178.45473
25/01/2016 08,200.46959
25/01/2016 16,98.0469
26/01/2016 00,289.69217
26/01/2016 08,66.63953
26/01/2016 16,260.08044
27/01/2016 00,332.7372
27/01/2016 08,194.68561
27/01/2016 16,144.83287
28/01/2016 00,101.17637
28/01/2016 08,97.34978
28/01/2016 16,92.73666
29/01/2016 00,132.047
29/01/2016 08,49.550102
29/01/2016 16,138.32083
30/01/2016 00,171.61041
30/01/2016 08,186.39769
30/01/2016 16,119.5266
31/01/2016 00,87.33465
31/01/2016 08,72.33385
31/01/2016 16,77.80625
01/02/2016 00,85.48696
01/02/2016 08,215.8499
01/02/2016 16,103.827965
02/02/2016 00,224.91988
02/02/2016 08,140.62076
02/02/2016 16,182.46774
03/02/2016 00,124.36882
03/02/2016 08,230.00882
03/02/2016 16,286.42703
04/02/2016 00,129.58907
04/02/2016 08,87.1557
04/02/2016 16,69.35038
05/02/2016 00,372.03644
05/02/2016 08,264.7632
05/02/2016 16,159.7188
06/02/2016 00,175.29396
06/02/2016 08,235.26625
06/02/2016 16,159.80168
07/02/2016 00,200.29297
07/02/2016 08,112.74736
07/02/2016 16,72.7087
08/02/2016 00,86.38784
08/02/2016 08,114.75239
08/02/2016 16,69.72291
09/02/2016 00,106.13457
09/02/2016 08,172.1437
09/02/2016 16,199.6326
10/02/2016 00,163.57124
10/02/2016 08,233.3651
10/02/2016 16,62.74923
11/02/2016 00,158.33162
11/02/2016 08,211.03026
11/02/2016 16,175.70416
12/02/2016 00,101.68031
12/02/2016 08,311.41473
12/02/2016 16,124.942
13/02/2016 00,259.3596
13/02/2016 08,78.45678
13/02/2016 16,126.715034
14/02/2016 00,86.785835
14/02/2016 08,76.44303
14/02/2016 16,123.53222
15/02/2016 00,107.45594
15/02/2016 08,146.03633
15/02/2016 16,346.44977
16/02/2016 00,87.07444
16/02/2016 08,255.80574
16/02/2016 16,120.08262
17/02/2016 00,93.34469
17/02/2016 08,116.78605
17/02/2016 16,62.779312
18/02/2016 00,111.81024
18/02/2016 08,144.9097
18/02/2016 16,190.4914
19/02/2016 00,227.49828
19/02/2016 08,119.59941
19/02/2016 16,153.92892
20/02/2016 00,153.13486
20/02/2016 08,184.38411
20/02/2016 16,149.60884
21/02/2016 00,155.4575
21/02/2016 08,91.58411
21/02/2016 16,77.61832
22/02/2016 00,140.54999
22/02/2016 08,185.39969
22/02/2016 16,117.33365
23/02/2016 00,162.90819
23/02/2016 08,153.71861
23/02/2016 16,54.55987
24/02/2016 00,177.78102
24/02/2016 08,240.71039
24/02/2016 16,269.81952
25/02/2016 00,195.31892
25/02/2016 08,165.67805
25/02/2016 16,135.10669
26/02/2016 00,73.34286
26/02/2016 08,172.06758
26/02/2016 16,134.71077
27/02/2016 00,197.90643
27/02/2016 08,126.72429
27/02/2016 16,112.63199
28/02/2016 00,152.26263
28/02/2016 08,93.98491
28/02/2016 16,162.13596
29/02/2016 00,155.96855
29/02/2016 08,149.3183
29/02/2016 16,215.61168
01/03/2016 00,166.8312
01/03/2016 08,89.642296
01/03/2016 16,180.70322
02/03/2016 00,161.86134
02/03/2016 08,104.01251
02/03/2016 16,146.28185
03/03/2016 00,95.86957
03/03/2016 08,146.33568
03/03/2016 16,192.01074
04/03/2016 00,203.32379
04/03/2016 08,121.32582
04/03/2016 16,154.6907
05/03/2016 00,168.39395
05/03/2016 08,215.9414
05/03/2016 16,105.64228
06/03/2016 00,82.720955
06/03/2016 08,127.24118
06/03/2016 16,99.54183
07/03/2016 00,78.59119
07/03/2016 08,159.44054
07/03/2016 16,131.72337
08/03/2016 00,227.1229
08/03/2016 08,167.22878
08/03/2016 16,244.26982
09/03/2016 00,225.08807
09/03/2016 08,136.72424
09/03/2016 16,78.630905
10/03/2016 00,181.39212
10/03/2016 08,213.88164
10/03/2016 16,97.79014
11/03/2016 00,197.36128
11/03/2016 08,108.34963
11/03/2016 16,246.97568
12/03/2016 00,269.1476
12/03/2016 08,134.65613
12/03/2016 16,166.3083
13/03/2016 00,136.81694
13/03/2016 08,199.93945
13/03/2016 16,113.63363
14/03/2016 00,172.24895
14/03/2016 08,96.425
14/03/2016 16,156.21642
15/03/2016 00,117.37965
15/03/2016 08,200.58528
15/03/2016 16,175.9074
16/03/2016 00,78.3026
16/03/2016 08,54.20039
16/03/2016 16,413.39728
17/03/2016 00,73.12605
17/03/2016 08,149.20753
17/03/2016 16,180.06805
18/03/2016 00,196.299
18/03/2016 08,119.66969
18/03/2016 16,54.50068
19/03/2016 00,101.1076
19/03/2016 08,204.46208
19/03/2016 16,69.27563
20/03/2016 00,252.77759
20/03/2016 08,143.01726
20/03/2016 16,231.52927
21/03/2016 00,134.01918
21/03/2016 08,179.92804
21/03/2016 16,199.6683
22/03/2016 00,96.54816
22/03/2016 08,121.20857
22/03/2016 16,182.75374
23/03/2016 00,420.22815
23/03/2016 08,256.20197
23/03/2016 16,131.13422
24/03/2016 00,118.23386
24/03/2016 08,248.06879
24/03/2016 16,227.53232
25/03/2016 00,141.11612
25/03/2016 08,210.25298
25/03/2016 16,85.524895
26/03/2016 00,97.20309
26/03/2016 08,131.54445
26/03/2016 16,60.677425
27/03/2016 00,228.28563
27/03/2016 08,289.98004
27/03/2016 16,118.82359
28/03/2016 00,184.67284
28/03/2016 08,320.18164
28/03/2016 16,146.55463
29/03/2016 00,151.42639
29/03/2016 08,133.7354
29/03/2016 16,189.6639
30/03/2016 00,89.77998
30/03/2016 08,46.625645
30/03/2016 16,179.21796
31/03/2016 00,192.06111
31/03/2016 08,115.58868
31/03/2016 16,156.80844
01/04/2016 00,130.49327
01/04/2016 08,50.61833
01/04/2016 16,206.36826
02/04/2016 00,186.71167
02/04/2016 08,72.69518
02/04/2016 16,165.52888
03/04/2016 00,85.19359
03/04/2016 08,78.01013
03/04/2016 16,131.36952
04/04/2016 00,126.43361
04/04/2016 08,109.29331
04/04/2016 16,72.04403
05/04/2016 00,219.66476
05/04/2016 08,133.82307
05/04/2016 16,79.50246
06/04/2016 00,82.13978
06/04/2016 08,157.30527
06/04/2016 16,265.76965
07/04/2016 00,171.97745
07/04/2016 08,188.16022
07/04/2016 16,175.21768
08/04/2016 00,94.49974
08/04/2016 08,151.88326
08/04/2016 16,104.40893
09/04/2016 00,150.0477
09/04/2016 08,56.57877
09/04/2016 16,167.58974
10/04/2016 00,146.72433
10/04/2016 08,115.689674
10/04/2016 16,151.70442
11/04/2016 00,161.48561
11/04/2016 08,57.643936
11/04/2016 16,122.23781
12/04/2016 00,96.26258
12/04/2016 08,129.37767
12/04/2016 16,129.29391
13/04/2016 00,139.30714
13/04/2016 08,143.15292
13/04/2016 16,148.71185
14/04/2016 00,170.57005
14/04/2016 08,83.56964
14/04/2016 16,152.89
15/04/2016 00,270.79175
15/04/2016 08,44.276035
15/04/2016 16,213.86858
16/04/2016 00,179.81892
16/04/2016 08,80.95707
16/04/2016 16,230.10411
17/04/2016 00,198.39334
17/04/2016 08,87.33092
17/04/2016 16,133.32059
18/04/2016 00,208.34547
18/04/2016 08,125.38942
18/04/2016 16,188.90167
19/04/2016 00,178.00662
19/04/2016 08,257.859
19/04/2016 16,145.76088
20/04/2016 00,265.70114
20/04/2016 08,118.31018
20/04/2016 16,263.34686
21/04/2016 00,195.25163
21/04/2016 08,145.69081
21/04/2016 16,103.81306
22/04/2016 00,172.85887
22/04/2016 08,92.42067
22/04/2016 16,192.37404
23/04/2016 00,93.39047
23/04/2016 08,133.3584
23/04/2016 16,123.100655
24/04/2016 00,197.82971
24/04/2016 08,113.26367
24/04/2016 16,145.27971
25/04/2016 00,214.88966
25/04/2016 08,209.97801
25/04/2016 16,119.99553
26/04/2016 00,75.6823
26/04/2016 08,66.469284
26/04/2016 16,120.12883
27/04/2016 00,149.28868
27/04/2016 08,226.96872
27/04/2016 16,93.26448
28/04/2016 00,155.62715
28/04/2016 08,192.70164
28/04/2016 16,58.947857
29/04/2016 00,150.62941
29/04/2016 08,131.92767
29/04/2016 16,157.06366
30/04/2016 00,121.05615
30/04/2016 08,100.96555
30/04/2016 16,165.92851
01/05/2016 00,97.65027
01/05/2016 08,383.54587
01/05/2016 16,263.87045
02/05/2016 00,139.6584
02/05/2016 08,138.48692
02/05/2016 16,216.8362
03/05/2016 00,59.79587
03/05/2016 08,98.61744
03/05/2016 16,292.25763
04/05/2016 00,196.83255
04/05/2016 08,114.11242
04/05/2016 16,145.15015
05/05/2016 00,69.8247
05/05/2016 08,172.53479
05/05/2016 16,301.57242
06/05/2016 00,112.11058
06/05/2016 08,89.585594
06/05/2016 16,168.21716
07/05/2016 00,78.90336
07/05/2016 08,323.91904
07/05/2016 16,212.562
08/05/2016 00,138.73947
08/05/2016 08,111.53956
08/05/2016 16,270.59366
09/05/2016 00,136.61816
09/05/2016 08,175.79059
09/05/2016 16,113.45141
10/05/2016 00,243.99873
10/05/2016 08,273.20773
10/05/2016 16,99.403206
11/05/2016 00,177.938
11/05/2016 08,196.12271
11/05/2016 16,173.13565
12/05/2016 00,225.86942
12/05/2016 08,376.9381
12/05/2016 16,274.00067
13/05/2016 00,201.14857
13/05/2016 08,94.61608
13/05/2016 16,182.13043
14/05/2016 00,161.76886
14/05/2016 08,221.16005
14/05/2016 16,340.10513
15/05/2016 00,124.49292
15/05/2016 08,117.92522
15/05/2016 16,114.446014
16/05/2016 00,250.01938
16/05/2016 08,301.52374
16/05/2016 16,183.55368
17/05/2016 00,380.04416
17/05/2016 08,137.57669
17/05/2016 16,190.74452
18/05/2016 00,246.5071
18/05/2016 08,198.31482
18/05/2016 16,353.8547
19/05/2016 00,234.47435
19/05/2016 08,151.60141
19/05/2016 16,127.98202
20/05/2016 00,185.45415
20/05/2016 08,141.09561
20/05/2016 16,111.74056
21/05/2016 00,96.028885
21/05/2016 08,98.91242
21/05/2016 16,171.02504
22/05/2016 00,223.78174
22/05/2016 08,91.0408
22/05/2016 16,288.66663
23/05/2016 00,81.87518
23/05/2016 08,314.74265
23/05/2016 16,94.694695
24/05/2016 00,156.1254
24/05/2016 08,71.50196
24/05/2016 16,184.65474
25/05/2016 00,275.92477
25/05/2016 08,132.67366
25/05/2016 16,167.28973
26/05/2016 00,246.986
26/05/2016 08,174.49976
26/05/2016 16,233.51958
27/05/2016 00,161.75644
27/05/2016 08,73.740105
27/05/2016 16,109.763336
28/05/2016 00,206.55658
28/05/2016 08,69.583626
28/05/2016 16,133.19519
29/05/2016 00,164.53903
29/05/2016 08,81.75321
29/05/2016 16,122.97108
30/05/2016 00,137.951
30/05/2016 08,96.425
30/05/2016 16,141.38264
31/05/2016 00,121.25287
31/05/2016 08,139.67511
31/05/2016 16,261.5204
01/06/2016 00,164.35202
01/06/2016 08,88.20063
01/06/2016 16,68.42404
02/06/2016 00,74.29131
02/06/2016 08,168.40929
02/06/2016 16,153.43257
03/06/2016 00,50.712387
03/06/2016 08,79.278206
03/06/2016 16,208.27945
04/06/2016 00,102.28878
04/06/2016 08,66.50137
04/06/2016 16,158.56065
05/06/2016 00,121.507935
05/06/2016 08,97.30744
05/06/2016 16,203.23863
06/06/2016 00,152.06001
06/06/2016 08,289.4441
06/06/2016 16,232.45778
07/06/2016 00,169.41531
07/06/2016 08,169.95705
07/06/2016 16,111.78002
08/06/2016 00,70.39114
08/06/2016 08,273.38312
08/06/2016 16,100.11946
09/06/2016 00,207.23381
09/06/2016 08,80.91873
09/06/2016 16,176.11896
10/06/2016 00,208.96835
10/06/2016 08,120.05505
10/06/2016 16,123.700836
11/06/2016 00,71.959785
11/06/2016 08,250.06682
11/06/2016 16,104.93029
12/06/2016 00,142.30629
12/06/2016 08,165.61464
12/06/2016 16,209.57352
13/06/2016 00,303.49237
13/06/2016 08,205.79443
13/06/2016 16,53.384167
14/06/2016 00,306.86945
14/06/2016 08,141.3784
14/06/2016 16,129.50179
15/06/2016 00,286.21942
15/06/2016 08,151.44313
15/06/2016 16,176.20273
16/06/2016 00,79.327515
16/06/2016 08,107.32475
16/06/2016 16,153.18822
17/06/2016 00,217.14703
17/06/2016 08,135.29396
17/06/2016 16,136.66235
18/06/2016 00,199.81477
18/06/2016 08,295.4456
18/06/2016 16,84.95095
19/06/2016 00,129.95734
19/06/2016 08,123.04308
19/06/2016 16,223.53636
20/06/2016 00,189.86928
20/06/2016 08,213.7852
20/06/2016 16,129.41505
21/06/2016 00,131.7642
21/06/2016 08,148.76266
21/06/2016 16,136.44727
22/06/2016 00,102.15755
22/06/2016 08,53.222443
22/06/2016 16,96.5837
23/06/2016 00,98.94276
23/06/2016 08,87.858185
23/06/2016 16,106.315285
24/06/2016 00,171.63422
24/06/2016 08,103.29283
24/06/2016 16,240.583
25/06/2016 00,74.53567
25/06/2016 08,145.70511
25/06/2016 16,130.42256
26/06/2016 00,298.91495
26/06/2016 08,176.4955
26/06/2016 16,301.04797
27/06/2016 00,137.26535
27/06/2016 08,165.71912
27/06/2016 16,100.36276
28/06/2016 00,315.64517
28/06/2016 08,239.4295
28/06/2016 16,269.49188
29/06/2016 00,74.917114
29/06/2016 08,220.4353
29/06/2016 16,156.88777
30/06/2016 00,172.19574
30/06/2016 08,300.29572
30/06/2016 16,214.4265
01/07/2016 00,62.09557
01/07/2016 08,133.4012
01/07/2016 16,113.1421
02/07/2016 00,104.57265
02/07/2016 08,142.43529
02/07/2016 16,113.605835
03/07/2016 00,74.63983
03/07/2016 08,195.3584
03/07/2016 16,120.353546
04/07/2016 00,160.21523
04/07/2016 08,128.75865
04/07/2016 16,186.7938
05/07/2016 00,149.11852
05/07/2016 08,139.59082
05/07/2016 16,98.11535
06/07/2016 00,176.05157
06/07/2016 08,143.92259
06/07/2016 16,196.92085
07/07/2016 00,161.26466
07/07/2016 08,311.94547
07/07/2016 16,61.157806
08/07/2016 00,80.46184
08/07/2016 08,277.80002
08/07/2016 16,274.82834
09/07/2016 00,171.8401
09/07/2016 08,160.513
09/07/2016 16,139.61314
10/07/2016 00,110.51565
10/07/2016 08,183.94191
10/07/2016 16,231.96098
11/07/2016 00,87.72032
11/07/2016 08,137.8085
11/07/2016 16,123.68028
12/07/2016 00,225.7189
12/07/2016 08,181.88521
12/07/2016 16,203.49286
13/07/2016 00,190.61307
13/07/2016 08,76.470085
13/07/2016 16,134.60374
14/07/2016 00,204.21815
14/07/2016 08,160.84216
14/07/2016 16,125.63192
15/07/2016 00,134.81403
15/07/2016 08,122.96899
15/07/2016 16,171.18884
16/07/2016 00,86.56334
16/07/2016 08,159.88058
16/07/2016 16,311.55984
17/07/2016 00,102.3725
17/07/2016 08,122.57086
17/07/2016 16,145.43161
18/07/2016 00,52.81523
18/07/2016 08,213.01855
18/07/2016 16,143.27393
19/07/2016 00,110.384155
19/07/2016 08,264.76147
19/07/2016 16,336.7553
20/07/2016 00,73.462296
20/07/2016 08,92.297485
20/07/2016 16,180.88058
21/07/2016 00,162.71693
21/07/2016 08,73.208885
21/07/2016 16,123.63368
22/07/2016 00,152.31961
22/07/2016 08,243.30275
22/07/2016 16,252.39565
23/07/2016 00,73.224045
23/07/2016 08,174.74844
23/07/2016 16,118.280045
24/07/2016 00,56.02323
24/07/2016 08,237.6238
24/07/2016 16,232.68515
25/07/2016 00,186.11209
25/07/2016 08,68.82013
25/07/2016 16,141.34216
26/07/2016 00,129.5272
26/07/2016 08,255.21523
26/07/2016 16,85.73633
27/07/2016 00,219.61456
27/07/2016 08,132.6954
27/07/2016 16,143.5724
28/07/2016 00,111.09811
28/07/2016 08,176.00449
28/07/2016 16,132.28857
29/07/2016 00,237.79445
29/07/2016 08,165.75
29/07/2016 16,113.91531
30/07/2016 00,271.77966
30/07/2016 08,394.8589
30/07/2016 16,163.54398
31/07/2016 00,145.39903
31/07/2016 08,138.23764
31/07/2016 16,203.71785
01/08/2016 00,224.33719
01/08/2016 08,127.05147
01/08/2016 16,229.68463
02/08/2016 00,246.52654
02/08/2016 08,71.72106
02/08/2016 16,300.05603
03/08/2016 00,264.89606
03/08/2016 08,99.02871
03/08/2016 16,189.68134
04/08/2016 00,177.85048
04/08/2016 08,272.78278
04/08/2016 16,286.74936
05/08/2016 00,219.33835
05/08/2016 08,95.87482
05/08/2016 16,91.94884
06/08/2016 00,129.15858
06/08/2016 08,227.65256
06/08/2016 16,166.33846
07/08/2016 00,200.33537
07/08/2016 08,226.81937
07/08/2016 16,58.8162
08/08/2016 00,294.66803
08/08/2016 08,149.23434
08/08/2016 16,131.40034
09/08/2016 00,224.587
09/08/2016 08,209.70601
09/08/2016 16,97.199875
10/08/2016 00,153.44356
10/08/2016 08,166.77074
10/08/2016 16,130.77634
11/08/2016 00,231.39844
11/08/2016 08,103.09168
11/08/2016 16,278.09473
12/08/2016 00,298.56888
12/08/2016 08,65.01034
12/08/2016 16,145.32939
13/08/2016 00,144.99283
13/08/2016 08,134.80078
13/08/2016 16,154.88489
14/08/2016 00,362.61664
14/08/2016 08,172.99922
14/08/2016 16,131.99663
15/08/2016 00,106.77915
15/08/2016 08,184.21848
15/08/2016 16,120.06876
16/08/2016 00,61.18651
16/08/2016 08,186.0764
16/08/2016 16,121.343376
17/08/2016 00,105.31959
17/08/2016 08,113.72042
17/08/2016 16,106.63368
18/08/2016 00,113.322975
18/08/2016 08,80.440575
18/08/2016 16,149.07758
19/08/2016 00,122.09951
19/08/2016 08,140.4147
19/08/2016 16,270.6897
20/08/2016 00,142.49097
20/08/2016 08,244.77832
20/08/2016 16,97.157715
21/08/2016 00,93.88455
21/08/2016 08,104.131134
21/08/2016 16,129.89488
22/08/2016 00,90.90212
22/08/2016 08,124.82382
22/08/2016 16,157.43024
23/08/2016 00,115.34093
23/08/2016 08,139.27058
23/08/2016 16,71.180885
24/08/2016 00,163.81252
24/08/2016 08,149.4799
24/08/2016 16,213.18217
25/08/2016 00,158.96046
25/08/2016 08,121.5309
25/08/2016 16,105.1828
26/08/2016 00,206.47899
26/08/2016 08,101.359276
26/08/2016 16,140.10175
27/08/2016 00,284.0342
27/08/2016 08,199.64195
27/08/2016 16,269.37888
28/08/2016 00,128.7238
28/08/2016 08,122.32407
28/08/2016 16,187.64175
29/08/2016 00,208.10893
29/08/2016 08,158.42633
29/08/2016 16,96.72523
30/08/2016 00,164.81328
30/08/2016 08,331.92572
30/08/2016 16,246.4756
31/08/2016 00,232.01285
31/08/2016 08,171.37247
31/08/2016 16,188.57172
01/09/2016 00,264.6681
01/09/2016 08,162.57832
01/09/2016 16,289.95206
02/09/2016 00,111.90544
02/09/2016 08,281.03705
02/09/2016 16,133.05077
03/09/2016 00,148.04582
03/09/2016 08,186.30482
03/09/2016 16,158.65443
04/09/2016 00,130.97766
04/09/2016 08,103.602684
04/09/2016 16,127.45801
05/09/2016 00,63.06141
05/09/2016 08,88.62845
05/09/2016 16,117.26088
06/09/2016 00,213.33853
06/09/2016 08,91.94811
06/09/2016 16,131.09239
07/09/2016 00,143.60724
07/09/2016 08,116.889565
07/09/2016 16,179.67699
08/09/2016 00,97.02622
08/09/2016 08,184.22835
08/09/2016 16,73.750626
09/09/2016 00,132.61726
09/09/2016 08,133.2114
09/09/2016 16,72.394966
10/09/2016 00,225.90958
10/09/2016 08,207.47781
10/09/2016 16,164.35823
11/09/2016 00,203.19794
11/09/2016 08,138.44406
11/09/2016 16,133.25226
12/09/2016 00,132.73811
12/09/2016 08,92.46634
12/09/2016 16,136.8378
13/09/2016 00,215.33699
13/09/2016 08,153.63486
13/09/2016 16,101.85306
14/09/2016 00,93.313324
14/09/2016 08,109.87084
14/09/2016 16,140.7623
15/09/2016 00,203.27623
15/09/2016 08,134.07622
15/09/2016 16,178.25938
16/09/2016 00,77.00849
16/09/2016 08,186.65858
16/09/2016 16,297.6214
17/09/2016 00,246.82321
17/09/2016 08,131.09892
17/09/2016 16,92.30937
18/09/2016 00,92.657845
18/09/2016 08,56.962616
18/09/2016 16,142.46936
19/09/2016 00,111.37757
19/09/2016 08,260.53452
19/09/2016 16,229.58475
20/09/2016 00,98.641975
20/09/2016 08,197.00725
20/09/2016 16,127.83045
21/09/2016 00,112.693375
21/09/2016 08,266.97272
21/09/2016 16,96.367195
22/09/2016 00,92.25323
22/09/2016 08,77.847626
22/09/2016 16,248.09749
23/09/2016 00,144.0297
23/09/2016 08,242.79605
23/09/2016 16,156.43251
24/09/2016 00,93.224884
24/09/2016 08,157.77287
24/09/2016 16,197.26787
25/09/2016 00,78.85429
25/09/2016 08,102.068756
25/09/2016 16,209.27205
26/09/2016 00,82.351135
26/09/2016 08,108.11329
26/09/2016 16,120.97546
27/09/2016 00,186.402
27/09/2016 08,203.87872
27/09/2016 16,304.26138
28/09/2016 00,240.26021
28/09/2016 08,189.48793
28/09/2016 16,77.75299
29/09/2016 00,181.0743
29/09/2016 08,107.46206
29/09/2016 16,81.06567
30/09/2016 00,121.80295
30/09/2016 08,123.601
30/09/2016 16,133.04327
01/10/2016 00,134.47392
01/10/2016 08,136.37741
01/10/2016 16,214.31245
02/10/2016 00,239.70567
02/10/2016 08,133.47833
02/10/2016 16,139.29591
03/10/2016 00,119.2033
03/10/2016 08,257.2096
03/10/2016 16,229.8025
04/10/2016 00,165.70064
04/10/2016 08,183.42955
04/10/2016 16,90.24359
05/10/2016 00,86.25493
05/10/2016 08,116.128395
05/10/2016 16,132.6788
06/10/2016 00,122.07138
06/10/2016 08,320.51404
06/10/2016 16,80.313225
07/10/2016 00,82.720955
07/10/2016 08,144.17438
07/10/2016 16,111.854485
08/10/2016 00,112.86235
08/10/2016 08,125.52732
08/10/2016 16,156.6619
09/10/2016 00,169.58727
09/10/2016 08,128.40834
09/10/2016 16,154.7038
10/10/2016 00,112.660835
10/10/2016 08,110.11062
10/10/2016 16,202.18674
11/10/2016 00,210.73459
11/10/2016 08,125.013435
11/10/2016 16,141.60901
12/10/2016 00,68.8053
12/10/2016 08,132.19792
12/10/2016 16,210.01717
13/10/2016 00,156.35123
13/10/2016 08,76.924484
13/10/2016 16,147.89159
14/10/2016 00,198.36154
14/10/2016 08,73.45843
14/10/2016 16,121.8641
15/10/2016 00,128.72389
15/10/2016 08,231.16461
15/10/2016 16,143.25156
16/10/2016 00,309.89474
16/10/2016 08,62.492645
16/10/2016 16,62.612644
17/10/2016 00,154.41635
17/10/2016 08,176.95993
17/10/2016 16,71.2893
18/10/2016 00,236.7027
18/10/2016 08,75.86279
18/10/2016 16,98.05088
19/10/2016 00,163.1777
19/10/2016 08,100.00602
19/10/2016 16,150.036
20/10/2016 00,265.69412
20/10/2016 08,160.61205
20/10/2016 16,109.17168
21/10/2016 00,130.66046
21/10/2016 08,166.62068
21/10/2016 16,235.69199
22/10/2016 00,293.89838
22/10/2016 08,247.22409
22/10/2016 16,169.71742
23/10/2016 00,266.59406
23/10/2016 08,297.26538
23/10/2016 16,84.030655
24/10/2016 00,175.42587
24/10/2016 08,72.76441
24/10/2016 16,134.37486
25/10/2016 00,135.16508
25/10/2016 08,145.59547
25/10/2016 16,133.09274
26/10/2016 00,125.52488
26/10/2016 08,68.45496
26/10/2016 16,133.61484
27/10/2016 00,208.56934
27/10/2016 08,132.08508
27/10/2016 16,159.30748
28/10/2016 00,151.09303
28/10/2016 08,68.45496
28/10/2016 16,131.57541
29/10/2016 00,210.08188
29/10/2016 08,107.513054
29/10/2016 16,134.40698
30/10/2016 00,182.04445
30/10/2016 08,100.581375
30/10/2016 16,189.46713
31/10/2016 00,109.02771
31/10/2016 08,114.098816
31/10/2016 16,112.72338
01/11/2016 00,142.97678
01/11/2016 08,212.3043
01/11/2016 16,107.318306
02/11/2016 00,168.23653
02/11/2016 08,145.6291
02/11/2016 16,106.10093
03/11/2016 00,231.76886
03/11/2016 08,222.93352
03/11/2016 16,90.24358
04/11/2016 00,102.41903
04/11/2016 08,212.67549
04/11/2016 16,233.77525
05/11/2016 00,90.02296
05/11/2016 08,126.54319
05/11/2016 16,159.89868
06/11/2016 00,74.797966
06/11/2016 08,105.93782
06/11/2016 16,129.44312
07/11/2016 00,234.04723
07/11/2016 08,94.4387
07/11/2016 16,100.57912
08/11/2016 00,103.64414
08/11/2016 08,127.267975
08/11/2016 16,96.23681
09/11/2016 00,153.51706
09/11/2016 08,91.54861
09/11/2016 16,52.056206
10/11/2016 00,65.71052
10/11/2016 08,165.89397
10/11/2016 16,93.22904
11/11/2016 00,95.78831
11/11/2016 08,163.20691
11/11/2016 16,203.95833
12/11/2016 00,178.43475
12/11/2016 08,117.59009
12/11/2016 16,244.75835
13/11/2016 00,208.48102
13/11/2016 08,111.229095
13/11/2016 16,146.28041
14/11/2016 00,150.33926
14/11/2016 08,271.44388
14/11/2016 16,195.18736
15/11/2016 00,250.10007
15/11/2016 08,138.12813
15/11/2016 16,143.40327
16/11/2016 00,146.09683
16/11/2016 08,185.92665
16/11/2016 16,67.808655
17/11/2016 00,64.94925
17/11/2016 08,127.60712
17/11/2016 16,243.30675
18/11/2016 00,64.98376
18/11/2016 08,115.15449
18/11/2016 16,138.95233
19/11/2016 00,139.80315
19/11/2016 08,128.33818
19/11/2016 16,189.37215
20/11/2016 00,258.23697
20/11/2016 08,126.11459
20/11/2016 16,47.96658
21/11/2016 00,190.98827
21/11/2016 08,193.07573
21/11/2016 16,55.053066
22/11/2016 00,81.466545
22/11/2016 08,264.66116
22/11/2016 16,123.80676
23/11/2016 00,179.021
23/11/2016 08,107.38019
23/11/2016 16,272.23962
24/11/2016 00,192.27544
24/11/2016 08,91.30019
24/11/2016 16,146.19585
25/11/2016 00,114.92134
25/11/2016 08,122.69158
25/11/2016 16,105.74279
26/11/2016 00,82.14281
26/11/2016 08,129.3031
26/11/2016 16,104.18191
27/11/2016 00,111.31247
27/11/2016 08,135.42525
27/11/2016 16,113.91127
28/11/2016 00,100.54426
28/11/2016 08,188.78957
28/11/2016 16,122.20221
29/11/2016 00,45.98762
29/11/2016 08,177.89473
29/11/2016 16,201.82721
30/11/2016 00,90.12795
30/11/2016 08,93.95886
30/11/2016 16,157.63539
01/12/2016 00,278.3223
01/12/2016 08,77.89378
01/12/2016 16,205.74002
02/12/2016 00,150.14087
02/12/2016 08,199.05716
02/12/2016 16,218.37817
03/12/2016 00,257.9909
03/12/2016 08,342.1632
03/12/2016 16,99.0941
04/12/2016 00,92.732155
04/12/2016 08,85.363945
04/12/2016 16,184.58913
05/12/2016 00,120.702324
05/12/2016 08,319.2977
05/12/2016 16,64.15701
06/12/2016 00,165.08313
06/12/2016 08,364.8213
06/12/2016 16,107.74823
07/12/2016 00,84.2673
07/12/2016 08,165.01091
07/12/2016 16,240.91722
08/12/2016 00,127.68072
08/12/2016 08,231.93718
08/12/2016 16,114.18936
09/12/2016 00,142.59456
09/12/2016 08,82.70537
09/12/2016 16,228.1553
10/12/2016 00,130.78824
10/12/2016 08,102.64779
10/12/2016 16,127.73934
11/12/2016 00,118.34167
11/12/2016 08,87.09849
11/12/2016 16,178.38525
12/12/2016 00,105.24712
12/12/2016 08,198.69402
12/12/2016 16,129.20966
13/12/2016 00,82.55339
13/12/2016 08,79.05411
13/12/2016 16,73.593506
14/12/2016 00,151.4451
14/12/2016 08,258.4316
14/12/2016 16,174.21371
15/12/2016 00,217.63708
15/12/2016 08,106.49574
15/12/2016 16,111.44978
16/12/2016 00,137.2753
16/12/2016 08,69.5542
16/12/2016 16,214.68018
17/12/2016 00,190.41945
17/12/2016 08,99.054504
17/12/2016 16,181.13591
18/12/2016 00,253.76862
18/12/2016 08,196.77357
18/12/2016 16,235.7875
19/12/2016 00,154.42638
19/12/2016 08,153.61134
19/12/2016 16,330.93365
20/12/2016 00,125.18907
20/12/2016 08,160.92064
20/12/2016 16,119.766464
21/12/2016 00,100.19644
21/12/2016 08,250.34859
21/12/2016 16,187.8134
22/12/2016 00,79.662224
22/12/2016 08,134.55063
22/12/2016 16,95.20386
23/12/2016 00,342.98416
23/12/2016 08,140.18733
23/12/2016 16,117.778366
24/12/2016 00,103.9459
24/12/2016 08,106.98839
24/12/2016 16,161.03749
25/12/2016 00,174.80898
25/12/2016 08,174.1838
25/12/2016 16,321.0818
26/12/2016 00,218.35052
26/12/2016 08,110.84552
26/12/2016 16,97.563416
27/12/2016 00,123.08408
27/12/2016 08,79.9218
27/12/2016 16,48.969097
28/12/2016 00,161.27171
28/12/2016 08,254.69844
28/12/2016 16,197.98886
29/12/2016 00,104.12103
29/12/2016 08,175.93959
29/12/2016 16,144.69415
30/12/2016 00,305.64645
30/12/2016 08,101.1242
30/12/2016 16,285.49835
31/12/2016 00,120.01034
31/12/2016 08,151.6882
31/12/2016 16,97.234215
01/01/2017 00,183.87369
01/01/2017 08,137.93208
01/01/2017 16,70.52974
02/01/2017 00,132.71867
02/01/2017 08,108.864914
02/01/2017 16,79.64969
03/01/2017 00,114.740654
03/01/2017 08,146.48018
03/01/2017 16,60.41673
04/01/2017 00,297.44794
04/01/2017 08,147.75943
04/01/2017 16,204.07246
05/01/2017 00,162.44156
05/01/2017 08,117.14142
05/01/2017 16,239.15742
06/01/2017 00,144.11717
06/01/2017 08,117.01493
06/01/2017 16,128.243
07/01/2017 00,113.66418
07/01/2017 08,176.12872
07/01/2017 16,246.28906
08/01/2017 00,160.11661
08/01/2017 08,79.47154
08/01/2017 16,142.74338
09/01/2017 00,111.097374
09/01/2017 08,212.44937
09/01/2017 16,131.14348
10/01/2017 00,235.02068
10/01/2017 08,77.58958
10/01/2017 16,140.74875
11/01/2017 00,157.5966
11/01/2017 08,159.05713
11/01/2017 16,245.73993
12/01/2017 00,319.35654
12/01/2017 08,67.56318
12/01/2017 16,99.532616
13/01/2017 00,92.71152
13/01/2017 08,244.34164
13/01/2017 16,146.53752
14/01/2017 00,88.7918
14/01/2017 08,320.54254
14/01/2017 16,88.54425
15/01/2017 00,263.9377
15/01/2017 08,144.29996
15/01/2017 16,256.13058
16/01/2017 00,306.1673
16/01/2017 08,231.15105
16/01/2017 16,198.59917
17/01/2017 00,110.384155
17/01/2017 08,130.4326
17/01/2017 16,191.88667
18/01/2017 00,202.0425
18/01/2017 08,169.59196
18/01/2017 16,126.530754
19/01/2017 00,209.20236
19/01/2017 08,130.85469
19/01/2017 16,171.11281
20/01/2017 00,88.95547
20/01/2017 08,211.06177
20/01/2017 16,251.30113
21/01/2017 00,68.69711
21/01/2017 08,117.781654
21/01/2017 16,164.14662
22/01/2017 00,279.7681
22/01/2017 08,134.38875
22/01/2017 16,144.15712
23/01/2017 00,127.9069
23/01/2017 08,116.60457
23/01/2017 16,91.42226
24/01/2017 00,67.4184
24/01/2017 08,157.38864
24/01/2017 16,113.217766
25/01/2017 00,196.90909
25/01/2017 08,111.33887
25/01/2017 16,219.53137
26/01/2017 00,109.54188
26/01/2017 08,88.43136
26/01/2017 16,78.59912
27/01/2017 00,198.40524
27/01/2017 08,103.14676
27/01/2017 16,190.30342
28/01/2017 00,65.29674
28/01/2017 08,210.58293
28/01/2017 16,131.37212
29/01/2017 00,136.7952
29/01/2017 08,126.145615
29/01/2017 16,113.78714
30/01/2017 00,124.96356
30/01/2017 08,205.79237
30/01/2017 16,129.78221
31/01/2017 00,108.97629
31/01/2017 08,106.4166
31/01/2017 16,213.9255
01/02/2017 00,241.01541
01/02/2017 08,120.53053
01/02/2017 16,65.14371
02/02/2017 00,146.12051
02/02/2017 08,116.55784
02/02/2017 16,58.27694
03/02/2017 00,154.79842
03/02/2017 08,204.11732
03/02/2017 16,134.59882
04/02/2017 00,329.71896
04/02/2017 08,126.02617
04/02/2017 16,186.67473
05/02/2017 00,91.089836
05/02/2017 08,114.43615
05/02/2017 16,287.21265
06/02/2017 00,147.546
06/02/2017 08,185.78531
06/02/2017 16,118.49355
07/02/2017 00,192.31151
07/02/2017 08,219.62636
07/02/2017 16,115.35466
08/02/2017 00,69.64561
08/02/2017 08,278.76825
08/02/2017 16,56.954334
09/02/2017 00,200.84431
09/02/2017 08,110.93333
09/02/2017 16,184.9379
10/02/2017 00,190.20422
10/02/2017 08,80.05383
10/02/2017 16,87.61086
11/02/2017 00,117.10121
11/02/2017 08,117.014145
11/02/2017 16,155.51155
12/02/2017 00,62.883064
12/02/2017 08,174.84325
12/02/2017 16,70.22042
13/02/2017 00,75.03337
13/02/2017 08,175.86993
13/02/2017 16,233.7639
14/02/2017 00,70.784935
14/02/2017 08,154.22687
14/02/2017 16,148.31778
15/02/2017 00,134.00998
15/02/2017 08,94.13656
15/02/2017 16,82.70526
16/02/2017 00,138.50803
16/02/2017 08,88.737076
16/02/2017 16,133.25714
17/02/2017 00,196.79785
17/02/2017 08,176.24113
17/02/2017 16,114.11174
18/02/2017 00,95.44378
18/02/2017 08,355.99188
18/02/2017 16,175.8624
19/02/2017 00,103.62512
19/02/2017 08,159.76543
19/02/2017 16,99.871284
20/02/2017 00,179.86484
20/02/2017 08,240.11507
20/02/2017 16,117.238525
21/02/2017 00,104.611786
21/02/2017 08,118.56075
21/02/2017 16,191.90088
22/02/2017 00,219.75923
22/02/2017 08,359.86078
22/02/2017 16,73.647705
23/02/2017 00,379.2155
23/02/2017 08,85.42486
23/02/2017 16,280.68573
24/02/2017 00,134.36787
24/02/2017 08,225.82452
24/02/2017 16,110.86008
25/02/2017 00,96.63011
25/02/2017 08,143.85977
25/02/2017 16,148.11261
26/02/2017 00,269.5922
26/02/2017 08,134.2583
26/02/2017 16,66.099365
27/02/2017 00,93.64489
27/02/2017 08,152.09842
27/02/2017 16,65.29674
28/02/2017 00,273.8115
28/02/2017 08,121.140495
28/02/2017 16,80.68009
01/03/2017 00,157.83237
01/03/2017 08,42.88196
01/03/2017 16,77.00849
02/03/2017 00,174.68835
02/03/2017 08,102.84642
02/03/2017 16,67.58001
03/03/2017 00,66.16924
03/03/2017 08,158.20206
03/03/2017 16,313.91498
04/03/2017 00,158.01991
04/03/2017 08,131.9189
04/03/2017 16,222.9537
05/03/2017 00,200.95654
05/03/2017 08,125.19389
05/03/2017 16,110.81903
06/03/2017 00,192.91183
06/03/2017 08,114.11242
06/03/2017 16,88.817825
07/03/2017 00,199.90575
07/03/2017 08,99.68009
07/03/2017 16,141.77316
08/03/2017 00,224.85687
08/03/2017 08,139.93999
08/03/2017 16,207.82878
09/03/2017 00,144.37177
09/03/2017 08,89.27704
09/03/2017 16,63.43307
10/03/2017 00,244.66617
10/03/2017 08,201.40181
10/03/2017 16,132.40353
11/03/2017 00,119.16967
11/03/2017 08,130.25662
11/03/2017 16,196.87343
12/03/2017 00,170.61351
12/03/2017 08,92.17823
12/03/2017 16,101.55887
13/03/2017 00,69.65135
13/03/2017 08,169.94202
13/03/2017 16,111.14529
14/03/2017 00,216.00833
14/03/2017 08,65.41932
14/03/2017 16,316.90982
15/03/2017 00,193.42064
15/03/2017 08,168.52379
15/03/2017 16,151.17822
16/03/2017 00,119.3753
16/03/2017 08,90.22439
16/03/2017 16,132.80438
17/03/2017 00,268.38144
17/03/2017 08,199.57567
17/03/2017 16,81.58069
18/03/2017 00,86.51086
18/03/2017 08,98.19169
18/03/2017 16,176.37866
19/03/2017 00,192.70988
19/03/2017 08,156.80437
19/03/2017 16,155.91656
20/03/2017 00,68.87014
20/03/2017 08,132.78574
20/03/2017 16,279.66724
21/03/2017 00,354.21854
21/03/2017 08,101.43909
21/03/2017 16,132.36859
22/03/2017 00,238.72975
22/03/2017 08,124.49963
22/03/2017 16,100.45519
23/03/2017 00,92.49023
23/03/2017 08,115.355415
23/03/2017 16,113.60899
24/03/2017 00,133.77197
24/03/2017 08,85.86494
24/03/2017 16,205.54738
25/03/2017 00,72.76672
25/03/2017 08,144.1806
25/03/2017 16,212.88477
26/03/2017 00,138.19234
26/03/2017 08,214.6009
26/03/2017 16,61.41733
27/03/2017 00,119.43733
27/03/2017 08,130.87265
27/03/2017 16,140.85986
28/03/2017 00,85.99012
28/03/2017 08,182.7765
28/03/2017 16,56.7242
29/03/2017 00,92.84367
29/03/2017 08,66.64907
29/03/2017 16,111.36111
30/03/2017 00,59.162373
30/03/2017 08,190.29094
30/03/2017 16,164.89694
31/03/2017 00,110.84018
31/03/2017 08,135.95126
31/03/2017 16,92.37691
01/04/2017 00,88.94417
01/04/2017 08,183.65906
01/04/2017 16,133.42339
02/04/2017 00,273.95236
02/04/2017 08,100.49912
02/04/2017 16,177.7791
03/04/2017 00,168.42374
03/04/2017 08,54.715797
03/04/2017 16,141.43538
04/04/2017 00,123.55837
04/04/2017 08,86.65787
04/04/2017 16,169.16705
05/04/2017 00,87.16106
05/04/2017 08,185.487
05/04/2017 16,106.42967
06/04/2017 00,152.9067
06/04/2017 08,217.23067
06/04/2017 16,267.7451
07/04/2017 00,168.90225
07/04/2017 08,148.12642
07/04/2017 16,143.52425
08/04/2017 00,157.50493
08/04/2017 08,241.05023
08/04/2017 16,168.18317
09/04/2017 00,204.76778
09/04/2017 08,97.83365
09/04/2017 16,205.15839
10/04/2017 00,155.90192
10/04/2017 08,176.60736
10/04/2017 16,102.37082
11/04/2017 00,258.9636
11/04/2017 08,186.8118
11/04/2017 16,113.99427
12/04/2017 00,279.48706
12/04/2017 08,172.09415
12/04/2017 16,200.75955
13/04/2017 00,115.380226
13/04/2017 08,108.229416
13/04/2017 16,154.59506
14/04/2017 00,258.14618
14/04/2017 08,88.092
14/04/2017 16,157.72559
15/04/2017 00,149.05556
15/04/2017 08,220.24364
15/04/2017 16,244.61807
16/04/2017 00,352.81345
16/04/2017 08,180.83
16/04/2017 16,92.75715
17/04/2017 00,197.5682
17/04/2017 08,78.60639
17/04/2017 16,106.46193
18/04/2017 00,203.69688
18/04/2017 08,189.15334
18/04/2017 16,201.03557
19/04/2017 00,147.63979
19/04/2017 08,90.10797
19/04/2017 16,257.96387
20/04/2017 00,424.4437
20/04/2017 08,160.69522
20/04/2017 16,206.54947
21/04/2017 00,106.02171
21/04/2017 08,98.0469
21/04/2017 16,138.17726
22/04/2017 00,184.06464
22/04/2017 08,63.64365
22/04/2017 16,271.53937
23/04/2017 00,157.28705
23/04/2017 08,127.09221
23/04/2017 16,78.41243
24/04/2017 00,100.06569
24/04/2017 08,93.376884
24/04/2017 16,183.8022
25/04/2017 00,171.6297
25/04/2017 08,255.72679
25/04/2017 16,102.17938
26/04/2017 00,73.87415
26/04/2017 08,138.58348
26/04/2017 16,99.30656
27/04/2017 00,103.38262
27/04/2017 08,121.436264
27/04/2017 16,208.5068
28/04/2017 00,125.428055
28/04/2017 08,169.99876
28/04/2017 16,274.49243
29/04/2017 00,163.55133
29/04/2017 08,177.26506
29/04/2017 16,164.25505
30/04/2017 00,281.07022
30/04/2017 08,286.50052
30/04/2017 16,274.07922
01/05/2017 00,183.74542
01/05/2017 08,140.18665
01/05/2017 16,85.25861
02/05/2017 00,139.6122
02/05/2017 08,276.0871
02/05/2017 16,233.25409
03/05/2017 00,70.14357
03/05/2017 08,127.84478
03/05/2017 16,302.09152
04/05/2017 00,134.601
04/05/2017 08,77.86028
04/05/2017 16,294.59296
05/05/2017 00,191.09097
05/05/2017 08,221.67903
05/05/2017 16,119.71885
06/05/2017 00,70.83628
06/05/2017 08,145.8034
06/05/2017 16,202.33951
07/05/2017 00,126.44557
07/05/2017 08,137.19017
07/05/2017 16,173.7541
08/05/2017 00,115.36568
08/05/2017 08,174.72154
08/05/2017 16,242.94771
09/05/2017 00,213.10489
09/05/2017 08,132.0369
09/05/2017 16,162.21404
10/05/2017 00,149.76039
10/05/2017 08,176.74396
10/05/2017 16,103.6002
11/05/2017 00,126.988686
11/05/2017 08,273.80933
11/05/2017 16,153.41403
12/05/2017 00,178.88475
12/05/2017 08,96.04926
12/05/2017 16,324.5828
13/05/2017 00,159.06377
13/05/2017 08,280.9324
13/05/2017 16,93.40307
14/05/2017 00,128.79825
14/05/2017 08,187.07921
14/05/2017 16,75.63201
15/05/2017 00,153.9253
15/05/2017 08,73.06564
15/05/2017 16,125.663284
16/05/2017 00,79.5547
16/05/2017 08,173.19322
16/05/2017 16,121.91898
17/05/2017 00,139.20108
17/05/2017 08,216.02606
17/05/2017 16,205.95467
18/05/2017 00,133.05484
18/05/2017 08,191.79225
18/05/2017 16,204.46208
19/05/2017 00,161.83104
19/05/2017 08,116.481224
19/05/2017 16,268.27774
20/05/2017 00,187.61125
20/05/2017 08,136.18805
20/05/2017 16,132.61728
21/05/2017 00,280.93887
21/05/2017 08,186.91385
21/05/2017 16,125.72041
22/05/2017 00,183.45787
22/05/2017 08,203.17761
22/05/2017 16,140.48029
23/05/2017 00,244.81813
23/05/2017 08,184.15651
23/05/2017 16,80.334625
24/05/2017 00,146.5867
24/05/2017 08,217.93126
24/05/2017 16,80.21864
25/05/2017 00,126.94404
25/05/2017 08,196.40495
25/05/2017 16,75.4672
26/05/2017 00,106.336235
26/05/2017 08,164.05719
26/05/2017 16,197.60318
27/05/2017 00,234.6978
27/05/2017 08,144.683
27/05/2017 16,131.26399
28/05/2017 00,132.78793
28/05/2017 08,104.06341
28/05/2017 16,236.47803
29/05/2017 00,105.37055
29/05/2017 08,62.211823
29/05/2017 16,264.80283
30/05/2017 00,251.63948
30/05/2017 08,128.76297
30/05/2017 16,104.95906
31/05/2017 00,185.91286
31/05/2017 08,110.83254
31/05/2017 16,131.32927
01/06/2017 00,94.0816
01/06/2017 08,176.00932
01/06/2017 16,301.0184
02/06/2017 00,152.61534
02/06/2017 08,171.9669
02/06/2017 16,103.34535
03/06/2017 00,202.77512
03/06/2017 08,112.6385
03/06/2017 16,108.133545
04/06/2017 00,193.31688
04/06/2017 08,168.25388
04/06/2017 16,317.14447
05/06/2017 00,68.68292
05/06/2017 08,244.57454
05/06/2017 16,220.9701
06/06/2017 00,75.15685
06/06/2017 08,176.0618
06/06/2017 16,160.09087
07/06/2017 00,174.09407
07/06/2017 08,74.139015
07/06/2017 16,160.5076
08/06/2017 00,189.94388
08/06/2017 08,136.81694
08/06/2017 16,282.187
09/06/2017 00,80.560646
09/06/2017 08,294.06607
09/06/2017 16,149.54413
10/06/2017 00,105.294205
10/06/2017 08,221.402
10/06/2017 16,205.97287
11/06/2017 00,142.57886
11/06/2017 08,83.50364
11/06/2017 16,105.73704
12/06/2017 00,253.49274
12/06/2017 08,141.4458
12/06/2017 16,230.27286
13/06/2017 00,106.78411
13/06/2017 08,362.8175
13/06/2017 16,116.80573
14/06/2017 00,214.81145
14/06/2017 08,159.32443
14/06/2017 16,269.71393
15/06/2017 00,91.134224
15/06/2017 08,194.8491
15/06/2017 16,233.89217
16/06/2017 00,99.90884
16/06/2017 08,206.10875
16/06/2017 16,124.624756
17/06/2017 00,268.4414
17/06/2017 08,212.88683
17/06/2017 16,147.8099
18/06/2017 00,306.56815
18/06/2017 08,80.00409
18/06/2017 16,190.95233
19/06/2017 00,201.72853
19/06/2017 08,178.62982
19/06/2017 16,163.68466
20/06/2017 00,262.92914
20/06/2017 08,178.88849
20/06/2017 16,188.69449
21/06/2017 00,176.97067
21/06/2017 08,138.63568
21/06/2017 16,243.82675
22/06/2017 00,107.72881
22/06/2017 08,85.915184
22/06/2017 16,248.98927
23/06/2017 00,133.40967
23/06/2017 08,184.68613
23/06/2017 16,130.71191
24/06/2017 00,266.68582
24/06/2017 08,143.95277
24/06/2017 16,194.83641
25/06/2017 00,124.53966
25/06/2017 08,256.99
25/06/2017 16,75.75923
26/06/2017 00,89.85198
26/06/2017 08,145.28845
26/06/2017 16,118.536575
27/06/2017 00,104.131874
27/06/2017 08,184.51677
27/06/2017 16,196.66245
28/06/2017 00,165.99731
28/06/2017 08,81.24539
28/06/2017 16,154.44817
29/06/2017 00,153.9405
29/06/2017 08,128.77173
29/06/2017 16,281.19562
30/06/2017 00,151.33972
30/06/2017 08,84.99439
30/06/2017 16,267.1049
01/07/2017 00,110.70718
01/07/2017 08,277.78934
01/07/2017 16,67.62531
02/07/2017 00,130.53845
02/07/2017 08,92.189674
02/07/2017 16,220.15878
03/07/2017 00,281.95667
03/07/2017 08,213.83253
03/07/2017 16,130.08049
04/07/2017 00,235.83995
04/07/2017 08,154.49753
04/07/2017 16,199.35562
05/07/2017 00,273.34207
05/07/2017 08,187.46303
05/07/2017 16,205.21605
06/07/2017 00,192.19565
06/07/2017 08,203.16756
06/07/2017 16,199.35352
07/07/2017 00,136.21616
07/07/2017 08,350.058
07/07/2017 16,166.26993
08/07/2017 00,57.11798
08/07/2017 08,231.53171
08/07/2017 16,143.48854
09/07/2017 00,211.4093
09/07/2017 08,107.01512
09/07/2017 16,208.32486
10/07/2017 00,109.43803
10/07/2017 08,38.26285
10/07/2017 16,172.2632
11/07/2017 00,207.83276
11/07/2017 08,118.00541
11/07/2017 16,112.706085
12/07/2017 00,98.01348
12/07/2017 08,240.98042
12/07/2017 16,66.237885
13/07/2017 00,143.4714
13/07/2017 08,134.3059
13/07/2017 16,164.68088
14/07/2017 00,122.96549
14/07/2017 08,105.69077
14/07/2017 16,126.98427
15/07/2017 00,121.78556
15/07/2017 08,317.15326
15/07/2017 16,84.34822
16/07/2017 00,152.98079
16/07/2017 08,232.26344
16/07/2017 16,91.1527
17/07/2017 00,205.3775
17/07/2017 08,128.40228
17/07/2017 16,192.34218
18/07/2017 00,230.57831
18/07/2017 08,112.51599
18/07/2017 16,121.278534
19/07/2017 00,110.771324
19/07/2017 08,165.0023
19/07/2017 16,87.269684
20/07/2017 00,273.27164
20/07/2017 08,145.55338
20/07/2017 16,214.57874
21/07/2017 00,126.94051
21/07/2017 08,201.97562
21/07/2017 16,102.53583
22/07/2017 00,144.51932
22/07/2017 08,158.02785
22/07/2017 16,264.43433
23/07/2017 00,138.33484
23/07/2017 08,100.20244
23/07/2017 16,70.59074
24/07/2017 00,257.0283
24/07/2017 08,124.04126
24/07/2017 16,158.43689
25/07/2017 00,115.36739
25/07/2017 08,261.71045
25/07/2017 16,189.39824
26/07/2017 00,104.78845
26/07/2017 08,125.24038
26/07/2017 16,218.51779
27/07/2017 00,175.43292
27/07/2017 08,115.53349
27/07/2017 16,274.93387
28/07/2017 00,326.41476
28/07/2017 08,280.2854
28/07/2017 16,175.76941
29/07/2017 00,75.686264
29/07/2017 08,119.41729
29/07/2017 16,140.39151
30/07/2017 00,225.77206
30/07/2017 08,291.16092
30/07/2017 16,162.94777
31/07/2017 00,125.68633
31/07/2017 08,160.74948
31/07/2017 16,110.538055
01/08/2017 00,89.8045
01/08/2017 08,222.04266
01/08/2017 16,119.60921
02/08/2017 00,138.46844
02/08/2017 08,118.607216
02/08/2017 16,259.9638
03/08/2017 00,170.35693
03/08/2017 08,223.26956
03/08/2017 16,79.65352
04/08/2017 00,229.70686
04/08/2017 08,64.53564
04/08/2017 16,98.12116
05/08/2017 00,239.78046
05/08/2017 08,270.54904
05/08/2017 16,299.6668
06/08/2017 00,180.93694
06/08/2017 08,158.49394
06/08/2017 16,274.65176
07/08/2017 00,221.43619
07/08/2017 08,203.68175
07/08/2017 16,156.42406
08/08/2017 00,155.90182
08/08/2017 08,121.65102
08/08/2017 16,295.60742
09/08/2017 00,266.35547
09/08/2017 08,285.9133
09/08/2017 16,75.12285
10/08/2017 00,193.88304
10/08/2017 08,139.22894
10/08/2017 16,158.78537
11/08/2017 00,103.87434
11/08/2017 08,142.55772
11/08/2017 16,154.34851
12/08/2017 00,141.25496
12/08/2017 08,157.53401
12/08/2017 16,169.08589
13/08/2017 00,140.34528
13/08/2017 08,173.08238
13/08/2017 16,195.75882
14/08/2017 00,79.9793
14/08/2017 08,162.84917
14/08/2017 16,86.17824
15/08/2017 00,151.5374
15/08/2017 08,116.50547
15/08/2017 16,206.81042
16/08/2017 00,138.08716
16/08/2017 08,241.62704
16/08/2017 16,243.97363
17/08/2017 00,96.78398
17/08/2017 08,192.56435
17/08/2017 16,124.40642
18/08/2017 00,192.60356
18/08/2017 08,171.21748
18/08/2017 16,96.76533
19/08/2017 00,201.41335
19/08/2017 08,150.23027
19/08/2017 16,102.85961
20/08/2017 00,84.22102
20/08/2017 08,111.62204
20/08/2017 16,187.95023
21/08/2017 00,114.11242
21/08/2017 08,130.63176
21/08/2017 16,85.71656
22/08/2017 00,188.84116
22/08/2017 08,318.9247
22/08/2017 16,115.137566
23/08/2017 00,122.15227
23/08/2017 08,260.4535
23/08/2017 16,218.10129
24/08/2017 00,120.13477
24/08/2017 08,143.14612
24/08/2017 16,103.46558
25/08/2017 00,127.959206
25/08/2017 08,205.04779
25/08/2017 16,222.35756
26/08/2017 00,185.84406
26/08/2017 08,205.47015
26/08/2017 16,223.87149
27/08/2017 00,253.84201
27/08/2017 08,159.5309
27/08/2017 16,90.404785
28/08/2017 00,93.155136
28/08/2017 08,68.13215
28/08/2017 16,157.08089
29/08/2017 00,77.40364
29/08/2017 08,155.37508
29/08/2017 16,183.39401
30/08/2017 00,70.15708
30/08/2017 08,118.78368
30/08/2017 16,175.08829
31/08/2017 00,162.49315
31/08/2017 08,113.86184
31/08/2017 16,116.020164
01/09/2017 00,239.00058
01/09/2017 08,216.8982
01/09/2017 16,295.00507
02/09/2017 00,145.07022
02/09/2017 08,214.02968
02/09/2017 16,138.44588
03/09/2017 00,259.84692
03/09/2017 08,135.97034
03/09/2017 16,194.22575
04/09/2017 00,357.56662
04/09/2017 08,148.65784
04/09/2017 16,99.17088
05/09/2017 00,269.27014
05/09/2017 08,182.65565
05/09/2017 16,111.88168
06/09/2017 00,72.511765
06/09/2017 08,152.66736
06/09/2017 16,92.17823
07/09/2017 00,184.73091
07/09/2017 08,215.05153
07/09/2017 16,81.85566
08/09/2017 00,215.93372
08/09/2017 08,225.35068
08/09/2017 16,84.67236
09/09/2017 00,214.4886
09/09/2017 08,184.69649
09/09/2017 16,48.122143
10/09/2017 00,146.12056
10/09/2017 08,319.64853
10/09/2017 16,89.67485
11/09/2017 00,230.15993
11/09/2017 08,309.41742
11/09/2017 16,114.161934
12/09/2017 00,272.2624
12/09/2017 08,97.8644
12/09/2017 16,182.29703
13/09/2017 00,131.34825
13/09/2017 08,134.03542
13/09/2017 16,148.54492
14/09/2017 00,62.6895
14/09/2017 08,63.07937
14/09/2017 16,237.73119
15/09/2017 00,224.0089
15/09/2017 08,139.6696
15/09/2017 16,92.09154
16/09/2017 00,229.73306
16/09/2017 08,181.59985
16/09/2017 16,113.60899
17/09/2017 00,225.53876
17/09/2017 08,98.30988
17/09/2017 16,169.89304
18/09/2017 00,231.44739
18/09/2017 08,132.59383
18/09/2017 16,193.50621
19/09/2017 00,166.82564
19/09/2017 08,86.779884
19/09/2017 16,73.9098
20/09/2017 00,41.36458
20/09/2017 08,112.99163
20/09/2017 16,211.49274
21/09/2017 00,175.36902
21/09/2017 08,268.66446
21/09/2017 16,74.77603
22/09/2017 00,237.5623
22/09/2017 08,131.17656
22/09/2017 16,160.46191
23/09/2017 00,291.3604
23/09/2017 08,116.19244
23/09/2017 16,210.28233
24/09/2017 00,185.21588
24/09/2017 08,218.31122
24/09/2017 16,182.9143
25/09/2017 00,68.58981
25/09/2017 08,173.98053
25/09/2017 16,98.94941
26/09/2017 00,135.38821
26/09/2017 08,249.1107
26/09/2017 16,217.1418
27/09/2017 00,91.49001
27/09/2017 08,96.34377
27/09/2017 16,92.11969
28/09/2017 00,229.46507
28/09/2017 08,175.39722
28/09/2017 16,230.92378
29/09/2017 00,103.96438
29/09/2017 08,147.75761
29/09/2017 16,198.65991
30/09/2017 00,115.904564
30/09/2017 08,141.78392
30/09/2017 16,308.0758
01/10/2017 00,70.147575
01/10/2017 08,118.329544
01/10/2017 16,47.216972
02/10/2017 00,245.18735
02/10/2017 08,95.431244
02/10/2017 16,107.20679
03/10/2017 00,126.919815
03/10/2017 08,247.27795
03/10/2017 16,218.1564
04/10/2017 00,139.50359
04/10/2017 08,115.11631
04/10/2017 16,287.84045
05/10/2017 00,255.6226
05/10/2017 08,175.20032
05/10/2017 16,99.65869
06/10/2017 00,137.75125
06/10/2017 08,106.70917
06/10/2017 16,199.61745
07/10/2017 00,143.6946
07/10/2017 08,144.97481
07/10/2017 16,240.652
08/10/2017 00,173.34755
08/10/2017 08,282.83807
08/10/2017 16,142.67195
09/10/2017 00,133.18973
09/10/2017 08,168.73447
09/10/2017 16,182.4252
10/10/2017 00,92.19838
10/10/2017 08,50.07419
10/10/2017 16,109.24864
11/10/2017 00,97.55779
11/10/2017 08,225.84221
11/10/2017 16,165.19461
12/10/2017 00,266.21902
12/10/2017 08,226.5338
12/10/2017 16,94.79338
13/10/2017 00,212.78923
13/10/2017 08,68.29779
13/10/2017 16,260.5472
14/10/2017 00,229.32993
14/10/2017 08,157.62326
14/10/2017 16,194.33006
15/10/2017 00,159.66078
15/10/2017 08,105.6685
15/10/2017 16,159.16104
16/10/2017 00,90.4794
16/10/2017 08,86.67126
16/10/2017 16,145.98274
17/10/2017 00,213.99815
17/10/2017 08,122.567245
17/10/2017 16,98.066444
18/10/2017 00,310.5569
18/10/2017 08,81.21076
18/10/2017 16,104.12103
19/10/2017 00,64.54099
19/10/2017 08,151.8295
19/10/2017 16,244.00612
20/10/2017 00,220.63899
20/10/2017 08,208.99178
20/10/2017 16,245.96149
21/10/2017 00,213.8886
21/10/2017 08,213.9381
21/10/2017 16,102.55587
22/10/2017 00,400.03372
22/10/2017 08,287.59344
22/10/2017 16,243.49533
23/10/2017 00,180.9698
23/10/2017 08,386.95517
23/10/2017 16,100.48145
24/10/2017 00,91.807884
24/10/2017 08,184.14598
24/10/2017 16,189.0442
25/10/2017 00,357.03265
25/10/2017 08,51.137684
25/10/2017 16,114.17396
26/10/2017 00,216.03384
26/10/2017 08,89.6601
26/10/2017 16,283.1752
27/10/2017 00,308.7594
27/10/2017 08,281.16724
27/10/2017 16,191.65239
28/10/2017 00,135.34253
28/10/2017 08,68.31628
28/10/2017 16,157.12201
29/10/2017 00,163.30154
29/10/2017 08,274.30704
29/10/2017 16,112.701454
30/10/2017 00,52.36092
30/10/2017 08,129.5811
30/10/2017 16,222.37505
31/10/2017 00,80.208916
31/10/2017 08,187.56024
31/10/2017 16,315.9688
01/11/2017 00,125.6347
01/11/2017 08,139.84483
01/11/2017 16,82.71304
02/11/2017 00,125.61314
02/11/2017 08,60.75706
02/11/2017 16,166.88004
03/11/2017 00,212.67412
03/11/2017 08,185.66162
03/11/2017 16,180.81886
04/11/2017 00,235.82213
04/11/2017 08,44.358017
04/11/2017 16,198.75156
05/11/2017 00,303.03046
05/11/2017 08,107.74088
05/11/2017 16,92.26441
06/11/2017 00,121.4765
06/11/2017 08,74.64138
06/11/2017 16,160.87563
07/11/2017 00,141.42725
07/11/2017 08,103.45302
07/11/2017 16,156.22404
08/11/2017 00,70.933784
08/11/2017 08,261.60657
08/11/2017 16,149.09889
09/11/2017 00,118.87894
09/11/2017 08,224.17235
09/11/2017 16,289.527
10/11/2017 00,103.81614
10/11/2017 08,238.4956
10/11/2017 16,145.32465
11/11/2017 00,130.45741
11/11/2017 08,175.9288
11/11/2017 16,279.0554
12/11/2017 00,129.18794
12/11/2017 08,112.78158
12/11/2017 16,227.58917
13/11/2017 00,157.4724
13/11/2017 08,261.42313
13/11/2017 16,187.30766
14/11/2017 00,163.20558
14/11/2017 08,81.77202
14/11/2017 16,158.75766
15/11/2017 00,253.97849
15/11/2017 08,66.34709
15/11/2017 16,220.93822
16/11/2017 00,122.86926
16/11/2017 08,114.62147
16/11/2017 16,189.588
17/11/2017 00,90.82845
17/11/2017 08,183.84763
17/11/2017 16,129.86534
18/11/2017 00,98.37227
18/11/2017 08,116.771645
18/11/2017 16,171.9806
19/11/2017 00,249.44476
19/11/2017 08,208.84966
19/11/2017 16,168.278
20/11/2017 00,229.46037
20/11/2017 08,83.08463
20/11/2017 16,226.37596
21/11/2017 00,91.50783
21/11/2017 08,106.50302
21/11/2017 16,252.00977
22/11/2017 00,138.97183
22/11/2017 08,88.54459
22/11/2017 16,120.08228
23/11/2017 00,112.6968
23/11/2017 08,127.535774
23/11/2017 16,153.09587
24/11/2017 00,124.365135
24/11/2017 08,189.56865
24/11/2017 16,204.77322
25/11/2017 00,119.6758
25/11/2017 08,194.28482
25/11/2017 16,111.11379
26/11/2017 00,242.90659
26/11/2017 08,55.317406
26/11/2017 16,178.4674
27/11/2017 00,101.51266
27/11/2017 08,289.2174
27/11/2017 16,87.71143
28/11/2017 00,111.60839
28/11/2017 08,206.87662
28/11/2017 16,90.16756
29/11/2017 00,249.01588
29/11/2017 08,305.3168
29/11/2017 16,147.501
30/11/2017 00,109.30888
30/11/2017 08,276.46423
30/11/2017 16,88.514084
01/12/2017 00,65.82146
01/12/2017 08,111.092064
01/12/2017 16,220.62292
02/12/2017 00,117.81659
02/12/2017 08,170.85071
02/12/2017 16,75.52063
03/12/2017 00,233.89897
03/12/2017 08,89.7798
03/12/2017 16,192.38437
04/12/2017 00,134.50757
04/12/2017 08,106.42585
04/12/2017 16,102.76955
05/12/2017 00,230.44406
05/12/2017 08,87.117744
05/12/2017 16,111.09846
06/12/2017 00,139.77087
06/12/2017 08,258.17215
06/12/2017 16,194.47115
07/12/2017 00,138.00061
07/12/2017 08,355.96155
07/12/2017 16,246.08432
08/12/2017 00,111.58273
08/12/2017 08,135.19124
08/12/2017 16,175.22911
09/12/2017 00,87.91088
09/12/2017 08,120.68678
09/12/2017 16,71.26958
10/12/2017 00,173.47556
10/12/2017 08,318.34958
10/12/2017 16,278.11716
11/12/2017 00,109.81697
11/12/2017 08,152.63248
11/12/2017 16,158.86716
12/12/2017 00,347.27753
12/12/2017 08,163.5653
12/12/2017 16,180.27638
13/12/2017 00,348.23773
13/12/2017 08,129.6076
13/12/2017 16,174.45839
14/12/2017 00,80.943474
14/12/2017 08,193.20648
14/12/2017 16,70.548836
15/12/2017 00,226.39218
15/12/2017 08,261.8303
15/12/2017 16,169.06378
16/12/2017 00,166.03995
16/12/2017 08,143.9503
16/12/2017 16,136.75668
17/12/2017 00,103.977425
17/12/2017 08,266.3306
17/12/2017 16,80.83017
18/12/2017 00,128.59505
18/12/2017 08,242.68613
18/12/2017 16,72.750084
19/12/2017 00,85.56654
19/12/2017 08,213.22688
19/12/2017 16,165.15784
20/12/2017 00,57.606445
20/12/2017 08,143.4486
20/12/2017 16,156.8554
21/12/2017 00,102.58312
21/12/2017 08,227.81638
21/12/2017 16,85.09799
22/12/2017 00,356.5488
22/12/2017 08,108.801834
22/12/2017 16,130.16069
23/12/2017 00,199.61053
23/12/2017 08,139.76405
23/12/2017 16,101.0821
24/12/2017 00,88.288635
24/12/2017 08,167.90181
24/12/2017 16,126.79538
25/12/2017 00,255.87042
25/12/2017 08,127.56122
25/12/2017 16,163.76222
26/12/2017 00,144.97621
26/12/2017 08,150.80469
26/12/2017 16,294.78235
27/12/2017 00,205.25522
27/12/2017 08,151.45021
27/12/2017 16,146.88458
28/12/2017 00,209.52798
28/12/2017 08,246.69398
28/12/2017 16,103.51587
29/12/2017 00,134.49019
29/12/2017 08,153.76567
29/12/2017 16,309.63052
30/12/2017 00,243.18694
30/12/2017 08,149.61894
30/12/2017 16,66.99585
31/12/2017 00,221.1413
31/12/2017 08,170.1336
31/12/2017 16,190.49223
01/01/2018 00,153.41467
01/01/2018 08,163.57693
01/01/2018 16,139.73119
02/01/2018 00,286.94238
02/01/2018 08,288.15213
02/01/2018 16,205.71935
03/01/2018 00,155.57619
03/01/2018 08,219.98447
03/01/2018 16,134.91536
04/01/2018 00,173.14668
04/01/2018 08,157.31229
04/01/2018 16,188.42787
05/01/2018 00,132.20006
05/01/2018 08,88.63687
05/01/2018 16,221.67047
06/01/2018 00,90.8334
06/01/2018 08,177.73526
06/01/2018 16,120.208534
07/01/2018 00,78.97792
07/01/2018 08,245.70145
07/01/2018 16,106.97376
08/01/2018 00,123.79463
08/01/2018 08,175.17888
08/01/2018 16,131.35753
09/01/2018 00,216.63586
09/01/2018 08,179.81107
09/01/2018 16,185.73578
10/01/2018 00,276.0961
10/01/2018 08,109.22828
10/01/2018 16,168.77417
11/01/2018 00,178.80507
11/01/2018 08,107.48014
11/01/2018 16,219.31976
12/01/2018 00,122.554276
12/01/2018 08,91.11985
12/01/2018 16,317.92642
13/01/2018 00,310.6189
13/01/2018 08,129.2363
13/01/2018 16,214.72029
14/01/2018 00,212.80453
14/01/2018 08,144.40123
14/01/2018 16,122.64658
15/01/2018 00,248.82993
15/01/2018 08,122.84412
15/01/2018 16,135.91402
16/01/2018 00,160.07176
16/01/2018 08,240.42091
16/01/2018 16,293.4184
17/01/2018 00,144.94408
17/01/2018 08,171.37987
17/01/2018 16,124.36778
18/01/2018 00,148.6861
18/01/2018 08,61.274937
18/01/2018 16,161.69658
19/01/2018 00,70.941605
19/01/2018 08,144.25037
19/01/2018 16,195.2973
20/01/2018 00,68.16792
20/01/2018 08,230.99646
20/01/2018 16,140.76306
21/01/2018 00,221.0133
21/01/2018 08,186.73146
21/01/2018 16,123.99892
22/01/2018 00,85.06485
22/01/2018 08,173.61537
22/01/2018 16,121.27352
23/01/2018 00,182.82237
23/01/2018 08,107.43303
23/01/2018 16,123.090004
24/01/2018 00,277.12338
24/01/2018 08,77.24175
24/01/2018 16,94.89619
25/01/2018 00,158.3594
25/01/2018 08,180.46576
25/01/2018 16,200.61423
26/01/2018 00,109.58067
26/01/2018 08,262.31714
26/01/2018 16,153.62572
27/01/2018 00,178.15285
27/01/2018 08,361.4445
27/01/2018 16,64.62877
28/01/2018 00,180.7673
28/01/2018 08,237.63876
28/01/2018 16,249.39403
29/01/2018 00,203.3621
29/01/2018 08,195.8065
29/01/2018 16,217.07057
30/01/2018 00,184.64229
30/01/2018 08,155.50754
30/01/2018 16,228.28885
31/01/2018 00,123.57878
31/01/2018 08,251.2779
31/01/2018 16,268.06265
01/02/2018 00,173.20203
01/02/2018 08,95.29936
01/02/2018 16,81.90816
02/02/2018 00,140.55818
02/02/2018 08,133.7165
02/02/2018 16,265.19998
03/02/2018 00,203.52074
03/02/2018 08,221.02663
03/02/2018 16,140.97281
04/02/2018 00,106.38468
04/02/2018 08,112.95095
04/02/2018 16,120.91952
05/02/2018 00,188.41095
05/02/2018 08,81.4854
05/02/2018 16,140.20633
06/02/2018 00,131.16241
06/02/2018 08,81.62335
06/02/2018 16,46.679344
07/02/2018 00,82.0186
07/02/2018 08,276.00552
07/02/2018 16,173.14555
08/02/2018 00,117.44426
08/02/2018 08,129.54405
08/02/2018 16,226.70062
09/02/2018 00,163.47943
09/02/2018 08,243.35118
09/02/2018 16,193.61517
10/02/2018 00,228.48239
10/02/2018 08,246.32149
10/02/2018 16,65.793396
11/02/2018 00,177.98741
11/02/2018 08,258.54843
11/02/2018 16,253.95097
12/02/2018 00,80.84107
12/02/2018 08,132.10056
12/02/2018 16,176.98607
13/02/2018 00,197.8809
13/02/2018 08,184.54068
13/02/2018 16,236.14001
14/02/2018 00,149.20381
14/02/2018 08,208.01712
14/02/2018 16,82.369644
15/02/2018 00,99.86526
15/02/2018 08,145.50905
15/02/2018 16,204.2817
16/02/2018 00,142.18071
16/02/2018 08,189.68126
16/02/2018 16,151.98648
17/02/2018 00,97.647545
17/02/2018 08,38.96761
17/02/2018 16,177.58125
18/02/2018 00,148.78247
18/02/2018 08,156.2188
18/02/2018 16,72.74867
19/02/2018 00,325.65982
19/02/2018 08,185.26947
19/02/2018 16,94.29601
20/02/2018 00,254.69597
20/02/2018 08,114.30633
20/02/2018 16,122.82421
21/02/2018 00,205.04062
21/02/2018 08,130.97508
21/02/2018 16,140.3167
22/02/2018 00,91.96504
22/02/2018 08,231.31174
22/02/2018 16,150.09421
23/02/2018 00,141.99529
23/02/2018 08,130.02904
23/02/2018 16,212.94284
24/02/2018 00,246.78294
24/02/2018 08,279.84955
24/02/2018 16,79.86381
25/02/2018 00,139.54402
25/02/2018 08,204.91429
25/02/2018 16,98.248436
26/02/2018 00,270.24542
26/02/2018 08,108.68267
26/02/2018 16,69.94267
27/02/2018 00,156.04471
27/02/2018 08,178.02844
27/02/2018 16,175.58234
28/02/2018 00,123.27726
28/02/2018 08,336.57004
28/02/2018 16,75.67753
01/03/2018 00,94.34071
01/03/2018 08,222.71378
01/03/2018 16,221.03833
02/03/2018 00,153.43655
02/03/2018 08,128.39403
02/03/2018 16,198.4357
03/03/2018 00,99.56321
03/03/2018 08,235.31688
03/03/2018 16,114.78615
04/03/2018 00,261.67606
04/03/2018 08,140.24994
04/03/2018 16,234.6309
05/03/2018 00,123.40178
05/03/2018 08,187.16422
05/03/2018 16,93.2888
06/03/2018 00,145.10165
06/03/2018 08,148.10239
06/03/2018 16,151.85307
07/03/2018 00,135.84206
07/03/2018 08,184.67348
07/03/2018 16,123.9804
08/03/2018 00,104.28061
08/03/2018 08,204.59167
08/03/2018 16,206.41013
09/03/2018 00,292.39072
09/03/2018 08,171.159
09/03/2018 16,143.49951
10/03/2018 00,91.211266
10/03/2018 08,143.22754
10/03/2018 16,88.06105
11/03/2018 00,141.37677
11/03/2018 08,144.60365
11/03/2018 16,128.2224
12/03/2018 00,259.94324
12/03/2018 08,198.31805
12/03/2018 16,157.64336
13/03/2018 00,227.55675
13/03/2018 08,237.36171
13/03/2018 16,146.45172
14/03/2018 00,126.97543
14/03/2018 08,134.06963
14/03/2018 16,200.62953
15/03/2018 00,211.76663
15/03/2018 08,198.56752
15/03/2018 16,135.58
16/03/2018 00,201.23514
16/03/2018 08,239.8685
16/03/2018 16,113.35375
17/03/2018 00,65.37595
17/03/2018 08,237.5714
17/03/2018 16,97.14842
18/03/2018 00,217.81963
18/03/2018 08,79.20475
18/03/2018 16,246.5979
19/03/2018 00,172.07709
19/03/2018 08,128.38399
19/03/2018 16,70.58518
20/03/2018 00,173.2813
20/03/2018 08,241.09161
20/03/2018 16,189.38737
21/03/2018 00,221.16371
21/03/2018 08,164.86009
21/03/2018 16,114.272385
22/03/2018 00,113.75153
22/03/2018 08,146.06107
22/03/2018 16,192.69698
23/03/2018 00,143.27376
23/03/2018 08,199.77821
23/03/2018 16,128.48004
24/03/2018 00,320.13715
24/03/2018 08,141.99165
24/03/2018 16,175.62054
25/03/2018 00,123.15511
25/03/2018 08,169.40717
25/03/2018 16,123.441086
26/03/2018 00,232.16335
26/03/2018 08,263.5074
26/03/2018 16,64.71522
27/03/2018 00,94.898575
27/03/2018 08,150.88272
27/03/2018 16,289.46167
28/03/2018 00,188.38701
28/03/2018 08,239.8646
28/03/2018 16,208.81248
29/03/2018 00,181.60329
29/03/2018 08,150.63635
29/03/2018 16,155.19373
30/03/2018 00,224.80405
30/03/2018 08,242.48264
30/03/2018 16,328.54025
31/03/2018 00,150.21605
31/03/2018 08,70.79578
31/03/2018 16,167.08269
01/04/2018 00,334.44717
01/04/2018 08,105.96203
01/04/2018 16,159.66162
02/04/2018 00,203.43782
02/04/2018 08,221.89441
02/04/2018 16,157.18585
03/04/2018 00,224.98633
03/04/2018 08,227.62091
03/04/2018 16,124.46284
04/04/2018 00,251.24524
04/04/2018 08,148.5521
04/04/2018 16,105.577515
05/04/2018 00,166.05399
05/04/2018 08,102.526924
05/04/2018 16,217.45255
06/04/2018 00,225.97813
06/04/2018 08,79.22959
06/04/2018 16,139.96884
07/04/2018 00,107.897446
07/04/2018 08,112.581024
07/04/2018 16,66.37011
08/04/2018 00,130.84253
08/04/2018 08,118.39245
08/04/2018 16,185.93889
09/04/2018 00,197.94453
09/04/2018 08,230.94734
09/04/2018 16,83.14334
10/04/2018 00,165.23654
10/04/2018 08,210.93745
10/04/2018 16,141.57808
11/04/2018 00,221.13382
11/04/2018 08,140.25171
11/04/2018 16,109.65608
12/04/2018 00,102.526924
12/04/2018 08,95.88631
12/04/2018 16,182.55252
13/04/2018 00,254.5137
13/04/2018 08,104.31365
13/04/2018 16,74.38568
14/04/2018 00,132.25194
14/04/2018 08,147.78526
14/04/2018 16,156.87549
15/04/2018 00,52.15987
15/04/2018 08,123.956436
15/04/2018 16,249.75496
16/04/2018 00,123.66999
16/04/2018 08,274.22452
16/04/2018 16,188.69237
17/04/2018 00,152.75247
17/04/2018 08,127.08158
17/04/2018 16,169.13347
18/04/2018 00,165.4147
18/04/2018 08,141.8313
18/04/2018 16,86.58959
19/04/2018 00,120.86017
19/04/2018 08,124.29922
19/04/2018 16,103.54419
20/04/2018 00,239.85376
20/04/2018 08,93.200325
20/04/2018 16,126.776634
21/04/2018 00,231.76572
21/04/2018 08,129.8741
21/04/2018 16,182.60425
22/04/2018 00,162.17812
22/04/2018 08,129.58855
22/04/2018 16,226.32584
23/04/2018 00,211.78233
23/04/2018 08,298.30844
23/04/2018 16,60.22695
24/04/2018 00,298.4197
24/04/2018 08,89.16646
24/04/2018 16,118.21321
25/04/2018 00,227.97917
25/04/2018 08,139.77214
25/04/2018 16,105.241615
26/04/2018 00,75.661255
26/04/2018 08,198.81496
26/04/2018 16,83.65569
27/04/2018 00,148.86638
27/04/2018 08,203.11258
27/04/2018 16,266.3773
28/04/2018 00,123.756966
28/04/2018 08,157.18073
28/04/2018 16,74.73779
29/04/2018 00,168.20692
29/04/2018 08,190.82619
29/04/2018 16,135.0526
30/04/2018 00,113.05728
30/04/2018 08,143.49838
30/04/2018 16,108.245865
01/05/2018 00,132.04817
01/05/2018 08,287.11658
01/05/2018 16,200.91772
02/05/2018 00,70.24432
02/05/2018 08,99.164154
02/05/2018 16,145.50708
03/05/2018 00,64.83534
03/05/2018 08,302.82794
03/05/2018 16,105.48054
04/05/2018 00,95.35499
04/05/2018 08,281.85297
04/05/2018 16,307.9425
05/05/2018 00,185.13107
05/05/2018 08,195.70207
05/05/2018 16,353.43015
06/05/2018 00,150.45041
06/05/2018 08,98.505394
06/05/2018 16,264.1984
07/05/2018 00,397.30112
07/05/2018 08,376.4115
07/05/2018 16,100.365166
08/05/2018 00,218.84239
08/05/2018 08,91.95114
08/05/2018 16,231.84746
09/05/2018 00,94.78199
09/05/2018 08,136.52792
09/05/2018 16,300.37076
10/05/2018 00,113.30632
10/05/2018 08,133.955
10/05/2018 16,175.49944
11/05/2018 00,143.56686
11/05/2018 08,115.76449
11/05/2018 16,213.1466
12/05/2018 00,153.10226
12/05/2018 08,226.99954
12/05/2018 16,92.978516
13/05/2018 00,138.13751
13/05/2018 08,77.97322
13/05/2018 16,113.67396
14/05/2018 00,121.35352
14/05/2018 08,118.22939
14/05/2018 16,136.83945
15/05/2018 00,243.85289
15/05/2018 08,226.50015
15/05/2018 16,118.89644
16/05/2018 00,301.3311
16/05/2018 08,56.295017
16/05/2018 16,118.57502
17/05/2018 00,292.58557
17/05/2018 08,150.43185
17/05/2018 16,211.4693
18/05/2018 00,111.02098
18/05/2018 08,144.49698
18/05/2018 16,120.18714
19/05/2018 00,194.39859
19/05/2018 08,79.6761
19/05/2018 16,242.44849
20/05/2018 00,186.04759
20/05/2018 08,110.37863
20/05/2018 16,174.97762
21/05/2018 00,142.55049
21/05/2018 08,118.589554
21/05/2018 16,135.39519
22/05/2018 00,188.9718
22/05/2018 08,100.74462
22/05/2018 16,172.04561
23/05/2018 00,218.42747
23/05/2018 08,258.38437
23/05/2018 16,184.51796
24/05/2018 00,116.04555
24/05/2018 08,86.60981
24/05/2018 16,144.15788
25/05/2018 00,135.88739
25/05/2018 08,157.41278
25/05/2018 16,150.8247
26/05/2018 00,91.910484
26/05/2018 08,161.19798
26/05/2018 16,164.64508
27/05/2018 00,308.28482
27/05/2018 08,362.915
27/05/2018 16,207.66167
28/05/2018 00,133.91621
28/05/2018 08,43.148544
28/05/2018 16,202.12776
29/05/2018 00,371.39798
29/05/2018 08,121.343376
29/05/2018 16,122.760925
30/05/2018 00,158.59702
30/05/2018 08,186.92804
30/05/2018 16,140.75304
31/05/2018 00,125.98805
31/05/2018 08,183.7674
31/05/2018 16,299.7713
01/06/2018 00,231.6215
01/06/2018 08,167.26459
01/06/2018 16,129.01651
02/06/2018 00,188.15323
02/06/2018 08,221.81541
02/06/2018 16,44.638523
03/06/2018 00,54.275642
03/06/2018 08,250.16858
03/06/2018 16,176.03503
04/06/2018 00,240.144
04/06/2018 08,112.324615
04/06/2018 16,189.12306
05/06/2018 00,163.0473
05/06/2018 08,194.3276
05/06/2018 16,111.250046
06/06/2018 00,290.9836
06/06/2018 08,123.055
06/06/2018 16,208.77556
07/06/2018 00,109.18517
07/06/2018 08,239.54576
07/06/2018 16,92.31429
08/06/2018 00,89.36907
08/06/2018 08,99.89522
08/06/2018 16,224.47893
09/06/2018 00,189.63977
09/06/2018 08,119.17421
09/06/2018 16,107.81511
10/06/2018 00,207.97379
10/06/2018 08,67.59894
10/06/2018 16,202.61507
11/06/2018 00,73.71599
11/06/2018 08,111.83046
11/06/2018 16,230.29437
12/06/2018 00,187.4201
12/06/2018 08,135.53084
12/06/2018 16,124.838646
13/06/2018 00,152.16347
13/06/2018 08,248.72478
13/06/2018 16,79.6761
14/06/2018 00,149.06145
14/06/2018 08,109.96977
14/06/2018 16,175.23146
15/06/2018 00,73.762276
15/06/2018 08,375.24695
15/06/2018 16,157.3341
16/06/2018 00,83.42417
16/06/2018 08,172.10959
16/06/2018 16,175.78961
17/06/2018 00,268.60797
17/06/2018 08,185.48863
17/06/2018 16,156.53864
18/06/2018 00,44.032406
18/06/2018 08,210.2582
18/06/2018 16,129.52786
19/06/2018 00,197.5904
19/06/2018 08,64.5381
19/06/2018 16,233.94827
20/06/2018 00,328.14902
20/06/2018 08,116.807434
20/06/2018 16,219.49788
21/06/2018 00,73.509514
21/06/2018 08,173.98514
21/06/2018 16,85.742805
22/06/2018 00,122.6731
22/06/2018 08,102.804726
22/06/2018 16,95.23871
23/06/2018 00,137.70529
23/06/2018 08,168.47534
23/06/2018 16,176.17099
24/06/2018 00,277.33847
24/06/2018 08,127.90621
24/06/2018 16,253.94916
25/06/2018 00,98.81055
25/06/2018 08,160.14691
25/06/2018 16,252.33438
26/06/2018 00,243.50981
26/06/2018 08,106.873604
26/06/2018 16,67.682785
27/06/2018 00,273.1482
27/06/2018 08,302.78796
27/06/2018 16,255.48747
28/06/2018 00,236.74287
28/06/2018 08,281.95392
28/06/2018 16,134.79996
29/06/2018 00,168.97784
29/06/2018 08,117.13949
29/06/2018 16,61.65496
30/06/2018 00,145.95189
30/06/2018 08,192.56123
30/06/2018 16,164.04898
01/07/2018 00,364.1034
01/07/2018 08,180.91716
01/07/2018 16,321.12225
02/07/2018 00,120.54216
02/07/2018 08,136.13147
02/07/2018 16,147.60655
03/07/2018 00,150.49252
03/07/2018 08,199.02248
03/07/2018 16,60.42473
04/07/2018 00,187.07037
04/07/2018 08,210.62431
04/07/2018 16,236.23508
05/07/2018 00,96.27032
05/07/2018 08,128.98682
05/07/2018 16,140.44255
06/07/2018 00,231.80617
06/07/2018 08,173.17519
06/07/2018 16,103.89021
07/07/2018 00,117.363785
07/07/2018 08,206.09789
07/07/2018 16,204.24657
08/07/2018 00,135.18768
08/07/2018 08,127.78931
08/07/2018 16,279.52728
09/07/2018 00,160.36041
09/07/2018 08,72.17109
09/07/2018 16,119.93932
10/07/2018 00,165.56381
10/07/2018 08,267.42804
10/07/2018 16,205.72874
11/07/2018 00,90.13396
11/07/2018 08,211.7048
11/07/2018 16,94.476616
12/07/2018 00,131.27655
12/07/2018 08,116.2812
12/07/2018 16,173.83336
13/07/2018 00,155.85016
13/07/2018 08,129.56769
13/07/2018 16,276.79987
14/07/2018 00,156.32037
14/07/2018 08,123.26227
14/07/2018 16,119.81045
15/07/2018 00,172.14188
15/07/2018 08,159.88106
15/07/2018 16,80.14212
16/07/2018 00,101.46508
16/07/2018 08,255.55154
16/07/2018 16,61.53368
17/07/2018 00,284.80984
17/07/2018 08,220.58095
17/07/2018 16,231.30322
18/07/2018 00,82.09398
18/07/2018 08,170.9084
18/07/2018 16,383.30045
19/07/2018 00,197.32788
19/07/2018 08,66.68178
19/07/2018 16,158.14139
20/07/2018 00,166.05266
20/07/2018 08,131.76888
20/07/2018 16,224.88431
21/07/2018 00,65.905136
21/07/2018 08,115.62237
21/07/2018 16,109.01864
22/07/2018 00,78.03962
22/07/2018 08,262.82516
22/07/2018 16,171.74321
23/07/2018 00,105.419044
23/07/2018 08,88.13608
23/07/2018 16,254.24867
24/07/2018 00,135.15897
24/07/2018 08,143.71217
24/07/2018 16,143.2756
25/07/2018 00,85.15731
25/07/2018 08,90.30899
25/07/2018 16,314.14725
26/07/2018 00,178.87764
26/07/2018 08,225.29698
26/07/2018 16,122.66037
27/07/2018 00,148.50058
27/07/2018 08,93.56127
27/07/2018 16,110.900406
28/07/2018 00,105.65067
28/07/2018 08,145.0126
28/07/2018 16,78.85429
29/07/2018 00,290.59427
29/07/2018 08,147.78516
29/07/2018 16,147.36829
30/07/2018 00,272.3633
30/07/2018 08,195.91493
30/07/2018 16,93.439384
31/07/2018 00,203.32256
31/07/2018 08,125.88609
31/07/2018 16,157.7661
01/08/2018 00,94.93661
01/08/2018 08,68.72218
01/08/2018 16,115.19035
02/08/2018 00,143.17595
02/08/2018 08,70.513336
02/08/2018 16,146.8029
03/08/2018 00,126.50734
03/08/2018 08,279.31787
03/08/2018 16,195.57666
04/08/2018 00,77.98135
04/08/2018 08,184.25194
04/08/2018 16,261.40945
05/08/2018 00,107.25727
05/08/2018 08,126.665825
05/08/2018 16,163.78232
06/08/2018 00,185.819
06/08/2018 08,83.05783
06/08/2018 16,85.66932
07/08/2018 00,182.30151
07/08/2018 08,84.205956
07/08/2018 16,214.26823
08/08/2018 00,154.95186
08/08/2018 08,75.18001
08/08/2018 16,312.90164
09/08/2018 00,131.80148
09/08/2018 08,75.38642
09/08/2018 16,147.89719
10/08/2018 00,122.0082
10/08/2018 08,118.35812
10/08/2018 16,84.55393
11/08/2018 00,132.74304
11/08/2018 08,195.45097
11/08/2018 16,74.13762
12/08/2018 00,248.13493
12/08/2018 08,185.2422
12/08/2018 16,132.08073
13/08/2018 00,76.59978
13/08/2018 08,180.20836
13/08/2018 16,251.10257
14/08/2018 00,219.90424
14/08/2018 08,164.28802
14/08/2018 16,148.06726
15/08/2018 00,90.64073
15/08/2018 08,140.03525
15/08/2018 16,206.68585
16/08/2018 00,165.56969
16/08/2018 08,157.22548
16/08/2018 16,204.70853
17/08/2018 00,114.01253
17/08/2018 08,177.35577
17/08/2018 16,195.18408
18/08/2018 00,176.27124
18/08/2018 08,182.22878
18/08/2018 16,150.51823
19/08/2018 00,132.9083
19/08/2018 08,178.58421
19/08/2018 16,54.233154
20/08/2018 00,165.31097
20/08/2018 08,159.32
20/08/2018 16,133.2815
21/08/2018 00,138.2219
21/08/2018 08,265.4295
21/08/2018 16,123.32679
22/08/2018 00,124.98059
22/08/2018 08,249.61655
22/08/2018 16,182.20644
23/08/2018 00,187.6074
23/08/2018 08,77.9221
23/08/2018 16,149.10886
24/08/2018 00,90.781525
24/08/2018 08,81.437546
24/08/2018 16,49.03152
25/08/2018 00,144.73138
25/08/2018 08,154.1948
25/08/2018 16,91.11439
26/08/2018 00,100.641975
26/08/2018 08,134.81749
26/08/2018 16,108.65759
27/08/2018 00,253.94144
27/08/2018 08,155.3872
27/08/2018 16,304.06488
28/08/2018 00,175.16061
28/08/2018 08,122.767
28/08/2018 16,250.01736
29/08/2018 00,175.4751
29/08/2018 08,105.996025
29/08/2018 16,144.71909
30/08/2018 00,182.37239
30/08/2018 08,80.74302
30/08/2018 16,96.44147
31/08/2018 00,331.3882
31/08/2018 08,62.025692
31/08/2018 16,156.00085
01/09/2018 00,252.32869
01/09/2018 08,168.08083
01/09/2018 16,68.212364
02/09/2018 00,48.331036
02/09/2018 08,134.01776
02/09/2018 16,168.44254
03/09/2018 00,276.35748
03/09/2018 08,217.3723
03/09/2018 16,102.12048
04/09/2018 00,136.94366
04/09/2018 08,160.95682
04/09/2018 16,154.52972
05/09/2018 00,413.01077
05/09/2018 08,247.8208
05/09/2018 16,286.13385
06/09/2018 00,189.88931
06/09/2018 08,241.07443
06/09/2018 16,178.86346
07/09/2018 00,140.36064
07/09/2018 08,170.96968
07/09/2018 16,236.95963
08/09/2018 00,134.68163
08/09/2018 08,159.49664
08/09/2018 16,215.89595
09/09/2018 00,114.49002
09/09/2018 08,197.12057
09/09/2018 16,90.58165
10/09/2018 00,181.06616
10/09/2018 08,143.36261
10/09/2018 16,125.96899
11/09/2018 00,232.32878
11/09/2018 08,208.09244
11/09/2018 16,249.18752
12/09/2018 00,149.24213
12/09/2018 08,133.56998
12/09/2018 16,126.921326
13/09/2018 00,122.2083
13/09/2018 08,111.390884
13/09/2018 16,121.646736
14/09/2018 00,223.26576
14/09/2018 08,65.17309
14/09/2018 16,124.697235
15/09/2018 00,204.56001
15/09/2018 08,158.39432
15/09/2018 16,91.10707
16/09/2018 00,154.74498
16/09/2018 08,130.4637
16/09/2018 16,113.14477
17/09/2018 00,92.26226
17/09/2018 08,108.52607
17/09/2018 16,78.843765
18/09/2018 00,74.03984
18/09/2018 08,205.61636
18/09/2018 16,170.58797
19/09/2018 00,255.81775
19/09/2018 08,52.39803
19/09/2018 16,189.83263
20/09/2018 00,195.06467
20/09/2018 08,155.41725
20/09/2018 16,70.203674
21/09/2018 00,201.98216
21/09/2018 08,177.44797
21/09/2018 16,205.75266
22/09/2018 00,106.46069
22/09/2018 08,209.39888
22/09/2018 16,105.196785
23/09/2018 00,221.39685
23/09/2018 08,114.88488
23/09/2018 16,187.23819
24/09/2018 00,227.26952
24/09/2018 08,110.384155
24/09/2018 16,121.41592
25/09/2018 00,105.19994
25/09/2018 08,193.62416
25/09/2018 16,167.48032
26/09/2018 00,145.52579
26/09/2018 08,176.64502
26/09/2018 16,73.16016
27/09/2018 00,299.3851
27/09/2018 08,195.7368
27/09/2018 16,142.99696
28/09/2018 00,160.68645
28/09/2018 08,159.55756
28/09/2018 16,82.14281
29/09/2018 00,190.69902
29/09/2018 08,146.68135
29/09/2018 16,261.90286
30/09/2018 00,143.1922
30/09/2018 08,178.01257
30/09/2018 16,241.97871
01/10/2018 00,77.43032
01/10/2018 08,255.49377
01/10/2018 16,202.0896
02/10/2018 00,246.03928
02/10/2018 08,83.40575
02/10/2018 16,298.56976
03/10/2018 00,118.12953
03/10/2018 08,165.12114
03/10/2018 16,196.58157
04/10/2018 00,189.33409
04/10/2018 08,212.65059
04/10/2018 16,151.58717
05/10/2018 00,105.19791
05/10/2018 08,83.88858
05/10/2018 16,232.39326
06/10/2018 00,187.99414
06/10/2018 08,213.397
06/10/2018 16,104.060684
07/10/2018 00,159.5235
07/10/2018 08,65.29756
07/10/2018 16,69.08256
08/10/2018 00,190.96521
08/10/2018 08,81.90061
08/10/2018 16,139.08395
09/10/2018 00,166.40387
09/10/2018 08,223.77687
09/10/2018 16,188.5615
10/10/2018 00,100.33579
10/10/2018 08,358.25485
10/10/2018 16,132.88351
11/10/2018 00,139.61786
11/10/2018 08,126.748116
11/10/2018 16,204.33815
12/10/2018 00,49.90958
12/10/2018 08,104.86208
12/10/2018 16,180.31683
13/10/2018 00,145.56306
13/10/2018 08,200.74551
13/10/2018 16,160.09607
14/10/2018 00,113.8683
14/10/2018 08,184.89856
14/10/2018 16,94.006744
15/10/2018 00,236.31357
15/10/2018 08,121.03125
15/10/2018 16,258.26016
16/10/2018 00,208.40628
16/10/2018 08,390.31525
16/10/2018 16,204.7479
17/10/2018 00,105.004906
17/10/2018 08,236.44296
17/10/2018 16,191.66399
18/10/2018 00,253.70015
18/10/2018 08,113.72429
18/10/2018 16,134.2763
19/10/2018 00,239.63666
19/10/2018 08,112.03904
19/10/2018 16,207.03943
20/10/2018 00,110.84838
20/10/2018 08,76.200745
20/10/2018 16,127.4032
21/10/2018 00,157.5517
21/10/2018 08,139.89487
21/10/2018 16,85.02239
22/10/2018 00,151.54764
22/10/2018 08,200.48047
22/10/2018 16,169.12714
23/10/2018 00,161.90512
23/10/2018 08,251.17314
23/10/2018 16,168.30566
24/10/2018 00,64.68785
24/10/2018 08,132.28136
24/10/2018 16,153.48135
25/10/2018 00,191.64499
25/10/2018 08,191.88667
25/10/2018 16,125.31063
26/10/2018 00,82.9356
26/10/2018 08,235.50638
26/10/2018 16,61.96634
27/10/2018 00,204.53433
27/10/2018 08,133.05614
27/10/2018 16,267.1779
28/10/2018 00,59.2612
28/10/2018 08,145.74915
28/10/2018 16,139.2545
29/10/2018 00,140.30875
29/10/2018 08,66.29215
29/10/2018 16,114.370255
30/10/2018 00,280.39694
30/10/2018 08,111.94151
30/10/2018 16,179.16986
31/10/2018 00,109.295334
31/10/2018 08,95.18416
31/10/2018 16,167.08261
01/11/2018 00,120.17255
01/11/2018 08,257.3799
01/11/2018 16,83.50364
02/11/2018 00,168.73962
02/11/2018 08,199.32538
02/11/2018 16,151.51393
03/11/2018 00,97.19344
03/11/2018 08,97.308876
03/11/2018 16,189.84883
04/11/2018 00,137.62415
04/11/2018 08,113.00462
04/11/2018 16,76.17177
05/11/2018 00,101.7691
05/11/2018 08,89.13175
05/11/2018 16,123.32151
06/11/2018 00,164.38939
06/11/2018 08,199.97713
06/11/2018 16,93.72893
07/11/2018 00,239.00089
07/11/2018 08,84.1249
07/11/2018 16,248.11891
08/11/2018 00,257.00494
08/11/2018 08,100.974846
08/11/2018 16,98.47144
09/11/2018 00,168.17354
09/11/2018 08,89.607414
09/11/2018 16,116.69775
10/11/2018 00,133.61234
10/11/2018 08,115.99499
10/11/2018 16,211.49124
11/11/2018 00,144.88669
11/11/2018 08,112.43425
11/11/2018 16,95.3018
12/11/2018 00,91.09434
12/11/2018 08,195.77911
12/11/2018 16,266.10638
13/11/2018 00,363.11478
13/11/2018 08,198.44374
13/11/2018 16,214.44734
14/11/2018 00,159.38773
14/11/2018 08,248.7468
14/11/2018 16,159.14102
15/11/2018 00,102.50425
15/11/2018 08,156.52022
15/11/2018 16,126.73683
16/11/2018 00,104.528946
16/11/2018 08,229.1931
16/11/2018 16,64.58967
17/11/2018 00,146.26793
17/11/2018 08,320.1184
17/11/2018 16,249.88618
18/11/2018 00,257.6999
18/11/2018 08,196.91162
18/11/2018 16,123.60737
19/11/2018 00,172.6738
19/11/2018 08,76.21119
19/11/2018 16,142.8519
20/11/2018 00,79.94255
20/11/2018 08,234.39185
20/11/2018 16,115.665855
21/11/2018 00,96.84916
21/11/2018 08,146.14017
21/11/2018 16,193.81627
22/11/2018 00,132.85085
22/11/2018 08,164.54597
22/11/2018 16,79.155785
23/11/2018 00,283.11484
23/11/2018 08,93.17371
23/11/2018 16,104.14117
24/11/2018 00,84.64859
24/11/2018 08,294.01907
24/11/2018 16,210.45747
25/11/2018 00,167.81215
25/11/2018 08,157.31708
25/11/2018 16,298.93646
26/11/2018 00,86.37596
26/11/2018 08,102.61403
26/11/2018 16,216.30797
27/11/2018 00,130.21582
27/11/2018 08,136.95483
27/11/2018 16,73.77986
28/11/2018 00,157.05098
28/11/2018 08,106.26609
28/11/2018 16,130.15318
29/11/2018 00,263.68726
29/11/2018 08,192.13338
29/11/2018 16,145.69003
30/11/2018 00,104.48305
30/11/2018 08,163.09904
30/11/2018 16,275.34723
01/12/2018 00,128.82652
01/12/2018 08,277.34622
01/12/2018 16,132.2561
02/12/2018 00,122.60001
02/12/2018 08,326.19537
02/12/2018 16,125.723816
03/12/2018 00,341.87354
03/12/2018 08,214.37514
03/12/2018 16,144.93503
04/12/2018 00,247.48401
04/12/2018 08,128.64197
04/12/2018 16,173.25424
05/12/2018 00,186.93822
05/12/2018 08,209.91655
05/12/2018 16,195.66318
06/12/2018 00,265.47476
06/12/2018 08,239.57832
06/12/2018 16,194.03807
07/12/2018 00,139.6353
07/12/2018 08,194.32588
07/12/2018 16,111.38072
08/12/2018 00,312.32153
08/12/2018 08,177.53957
08/12/2018 16,250.97905
09/12/2018 00,122.564476
09/12/2018 08,95.33089
09/12/2018 16,162.29637
10/12/2018 00,74.277534
10/12/2018 08,261.13715
10/12/2018 16,128.1551
11/12/2018 00,57.457386
11/12/2018 08,162.36339
11/12/2018 16,78.4517
12/12/2018 00,289.24915
12/12/2018 08,221.21461
12/12/2018 16,80.65661
13/12/2018 00,99.90228
13/12/2018 08,124.26824
13/12/2018 16,153.48416
14/12/2018 00,116.23702
14/12/2018 08,180.00735
14/12/2018 16,129.31621
15/12/2018 00,92.31011
15/12/2018 08,180.53365
15/12/2018 16,214.33092
16/12/2018 00,194.99277
16/12/2018 08,74.30785
16/12/2018 16,194.07607
17/12/2018 00,298.99347
17/12/2018 08,182.54816
17/12/2018 16,88.91689
18/12/2018 00,266.23126
18/12/2018 08,64.26376
18/12/2018 16,243.26817
19/12/2018 00,56.661827
19/12/2018 08,157.75844
19/12/2018 16,176.06956
20/12/2018 00,189.86264
20/12/2018 08,139.89752
20/12/2018 16,134.23244
21/12/2018 00,283.92413
21/12/2018 08,98.712265
21/12/2018 16,63.942497
22/12/2018 00,55.73226
22/12/2018 08,175.10864
22/12/2018 16,167.95235
23/12/2018 00,117.46821
23/12/2018 08,96.72234
23/12/2018 16,206.64893
24/12/2018 00,123.93724
24/12/2018 08,101.969086
24/12/2018 16,148.45474
25/12/2018 00,62.170506
25/12/2018 08,108.150894
25/12/2018 16,168.14716
26/12/2018 00,69.34604
26/12/2018 08,152.11604
26/12/2018 16,81.94525
27/12/2018 00,110.217674
27/12/2018 08,88.75996
27/12/2018 16,265.06174
28/12/2018 00,182.32462
28/12/2018 08,235.95525
28/12/2018 16,292.22122
29/12/2018 00,184.1869
29/12/2018 08,219.3409
29/12/2018 16,121.90993
30/12/2018 00,133.90096
30/12/2018 08,109.720856
30/12/2018 16,69.8859
31/12/2018 00,269.73004
31/12/2018 08,288.2838
31/12/2018 16,142.8327
01/01/2019 00,146.54482
01/01/2019 08,257.35422
01/01/2019 16,173.91324
02/01/2019 00,83.899155
02/01/2019 08,171.85681
02/01/2019 16,85.780174
03/01/2019 00,106.78411
03/01/2019 08,138.09431
03/01/2019 16,122.49775
04/01/2019 00,144.24228
04/01/2019 08,197.88683
04/01/2019 16,196.3639
05/01/2019 00,153.16827
05/01/2019 08,105.24023
05/01/2019 16,261.62756
06/01/2019 00,144.58989
06/01/2019 08,215.07166
06/01/2019 16,238.49033
07/01/2019 00,128.737
07/01/2019 08,134.72424
07/01/2019 16,222.82028
08/01/2019 00,67.581856
08/01/2019 08,205.45456
08/01/2019 16,185.90652
09/01/2019 00,52.100697
09/01/2019 08,376.46896
09/01/2019 16,236.24449
10/01/2019 00,220.41238
10/01/2019 08,101.99469
10/01/2019 16,159.96913
11/01/2019 00,157.9162
11/01/2019 08,127.339966
11/01/2019 16,212.063
12/01/2019 00,165.12822
12/01/2019 08,125.81168
12/01/2019 16,261.14612
13/01/2019 00,159.01799
13/01/2019 08,73.62715
13/01/2019 16,88.817856
14/01/2019 00,50.227177
14/01/2019 08,272.48837
14/01/2019 16,145.02466
15/01/2019 00,166.70271
15/01/2019 08,206.63208
15/01/2019 16,119.53776
16/01/2019 00,135.18768
16/01/2019 08,97.9579
16/01/2019 16,66.2194
17/01/2019 00,75.70715
17/01/2019 08,131.26852
17/01/2019 16,258.52252
18/01/2019 00,205.91219
18/01/2019 08,123.093666
18/01/2019 16,295.27405
19/01/2019 00,215.17162
19/01/2019 08,171.85985
19/01/2019 16,304.2044
20/01/2019 00,289.24365
20/01/2019 08,98.03848
20/01/2019 16,209.7275
21/01/2019 00,121.438194
21/01/2019 08,92.92211
21/01/2019 16,121.72256
22/01/2019 00,254.18375
22/01/2019 08,249.46709
22/01/2019 16,204.26086
23/01/2019 00,117.40077
23/01/2019 08,86.04546
23/01/2019 16,214.66592
24/01/2019 00,144.49713
24/01/2019 08,217.13788
24/01/2019 16,73.50699
25/01/2019 00,253.06358
25/01/2019 08,160.11154
25/01/2019 16,117.99695
26/01/2019 00,143.4808
26/01/2019 08,108.94787
26/01/2019 16,172.34883
27/01/2019 00,279.48886
27/01/2019 08,112.883
27/01/2019 16,120.439674
28/01/2019 00,223.77122
28/01/2019 08,114.71333
28/01/2019 16,101.841286
29/01/2019 00,332.9506
29/01/2019 08,122.6265
29/01/2019 16,159.26486
30/01/2019 00,112.210915
30/01/2019 08,219.7178
30/01/2019 16,174.7001
31/01/2019 00,122.748276
31/01/2019 08,242.37756
31/01/2019 16,116.61471
01/02/2019 00,120.61592
01/02/2019 08,141.88838
01/02/2019 16,116.960045
02/02/2019 00,176.66014
02/02/2019 08,232.04652
02/02/2019 16,310.96017
03/02/2019 00,164.94724
03/02/2019 08,296.69434
03/02/2019 16,149.48415
04/02/2019 00,220.94493
04/02/2019 08,49.00196
04/02/2019 16,185.793
05/02/2019 00,91.64781
05/02/2019 08,96.16351
05/02/2019 16,207.55815
06/02/2019 00,188.8963
06/02/2019 08,124.68701
06/02/2019 16,113.57551
07/02/2019 00,148.79019
07/02/2019 08,172.8217
07/02/2019 16,191.18279
08/02/2019 00,224.19835
08/02/2019 08,234.65297
08/02/2019 16,276.86133
09/02/2019 00,280.81522
09/02/2019 08,157.25069
09/02/2019 16,79.9658
10/02/2019 00,126.37628
10/02/2019 08,99.79496
10/02/2019 16,88.89156
11/02/2019 00,164.14313
11/02/2019 08,159.15228
11/02/2019 16,127.617294
12/02/2019 00,182.50471
12/02/2019 08,286.79193
12/02/2019 16,229.26904
13/02/2019 00,115.80908
13/02/2019 08,64.832695
13/02/2019 16,53.307423
14/02/2019 00,110.58548
14/02/2019 08,180.17502
14/02/2019 16,241.54349
15/02/2019 00,198.21469
15/02/2019 08,116.17537
15/02/2019 16,146.22565
16/02/2019 00,275.06207
16/02/2019 08,161.01357
16/02/2019 16,39.870396
17/02/2019 00,102.943344
17/02/2019 08,204.0968
17/02/2019 16,108.853035
18/02/2019 00,107.40897
18/02/2019 08,244.1068
18/02/2019 16,169.25346
19/02/2019 00,139.2545
19/02/2019 08,184.07831
19/02/2019 16,118.39656
20/02/2019 00,298.89493
20/02/2019 08,216.43015
20/02/2019 16,121.831184
21/02/2019 00,260.60208
21/02/2019 08,91.43072
21/02/2019 16,203.19736
22/02/2019 00,89.26436
22/02/2019 08,98.75839
22/02/2019 16,281.57956
23/02/2019 00,139.70139
23/02/2019 08,97.12806
23/02/2019 16,52.818184
24/02/2019 00,91.90457
24/02/2019 08,67.66552
24/02/2019 16,164.23665
25/02/2019 00,124.039734
25/02/2019 08,111.024864
25/02/2019 16,138.97192
26/02/2019 00,106.168396
26/02/2019 08,251.79317
26/02/2019 16,274.1091
27/02/2019 00,304.62103
27/02/2019 08,305.91714
27/02/2019 16,188.7174
28/02/2019 00,84.692024
28/02/2019 08,123.08431
28/02/2019 16,76.093956
01/03/2019 00,116.04687
01/03/2019 08,144.38802
01/03/2019 16,91.80063
02/03/2019 00,167.0192
02/03/2019 08,73.916176
02/03/2019 16,237.80276
03/03/2019 00,181.70004
03/03/2019 08,111.77784
03/03/2019 16,299.4543
04/03/2019 00,215.95982
04/03/2019 08,172.12814
04/03/2019 16,149.93758
05/03/2019 00,184.5288
05/03/2019 08,93.07934
05/03/2019 16,122.203865
06/03/2019 00,177.22403
06/03/2019 08,104.25643
06/03/2019 16,280.47366
07/03/2019 00,216.16544
07/03/2019 08,123.13557
07/03/2019 16,65.25242
08/03/2019 00,182.80821
08/03/2019 08,87.819916
08/03/2019 16,208.21642
09/03/2019 00,142.6537
09/03/2019 08,88.618195
09/03/2019 16,134.36601
10/03/2019 00,296.43936
10/03/2019 08,197.55623
10/03/2019 16,142.3722
11/03/2019 00,159.8042
11/03/2019 08,214.65527
11/03/2019 16,64.75856
12/03/2019 00,191.83763
12/03/2019 08,121.693825
12/03/2019 16,75.25592
13/03/2019 00,155.619
13/03/2019 08,65.47398
13/03/2019 16,96.17844
14/03/2019 00,100.305756
14/03/2019 08,238.36977
14/03/2019 16,104.03085
15/03/2019 00,116.84324
15/03/2019 08,191.64224
15/03/2019 16,192.35966
16/03/2019 00,150.259
16/03/2019 08,207.61127
16/03/2019 16,63.48312
17/03/2019 00,151.14041
17/03/2019 08,118.43817
17/03/2019 16,202.14919
18/03/2019 00,205.321
18/03/2019 08,173.61076
18/03/2019 16,263.79254
19/03/2019 00,141.53291
19/03/2019 08,88.02296
19/03/2019 16,136.79875
20/03/2019 00,155.24889
20/03/2019 08,114.05143
20/03/2019 16,135.03444
21/03/2019 00,67.066
21/03/2019 08,182.23082
21/03/2019 16,177.36266
22/03/2019 00,222.51086
22/03/2019 08,100.00646
22/03/2019 16,117.24657
23/03/2019 00,166.25711
23/03/2019 08,83.25317
23/03/2019 16,106.6208
24/03/2019 00,158.4928
24/03/2019 08,164.02835
24/03/2019 16,162.96225
25/03/2019 00,216.28879
25/03/2019 08,135.35751
25/03/2019 16,174.89488
26/03/2019 00,111.620514
26/03/2019 08,130.85582
26/03/2019 16,61.873074
27/03/2019 00,229.71654
27/03/2019 08,136.00513
27/03/2019 16,144.65866
28/03/2019 00,129.004
28/03/2019 08,177.68333
28/03/2019 16,217.21889
29/03/2019 00,155.78876
29/03/2019 08,178.02188
29/03/2019 16,238.66647
30/03/2019 00,236.02516
30/03/2019 08,131.18222
30/03/2019 16,232.30353
31/03/2019 00,183.1237
31/03/2019 08,257.01804
31/03/2019 16,64.6413
01/04/2019 00,211.06873
01/04/2019 08,193.0517
01/04/2019 16,77.85468
02/04/2019 00,113.857346
02/04/2019 08,109.40877
02/04/2019 16,159.19743
03/04/2019 00,188.31415
03/04/2019 08,46.547592
03/04/2019 16,192.83737
04/04/2019 00,192.86557
04/04/2019 08,240.86995
04/04/2019 16,232.57706
05/04/2019 00,168.53511
05/04/2019 08,83.64387
05/04/2019 16,284.56158
06/04/2019 00,180.83296
06/04/2019 08,71.22656
06/04/2019 16,203.74345
07/04/2019 00,147.57047
07/04/2019 08,283.4076
07/04/2019 16,94.829575
08/04/2019 00,100.308
08/04/2019 08,195.68529
08/04/2019 16,122.27988
09/04/2019 00,93.16409
09/04/2019 08,239.03323
09/04/2019 16,372.8935
10/04/2019 00,288.76172
10/04/2019 08,104.690315
10/04/2019 16,147.23701
11/04/2019 00,233.74265
11/04/2019 08,120.85136
11/04/2019 16,137.26321
12/04/2019 00,234.22896
12/04/2019 08,78.51695
12/04/2019 16,74.98847
13/04/2019 00,304.6528
13/04/2019 08,86.18062
13/04/2019 16,154.3452
14/04/2019 00,175.47931
14/04/2019 08,302.5872
14/04/2019 16,97.33122
15/04/2019 00,114.21205
15/04/2019 08,209.587
15/04/2019 16,197.97675
16/04/2019 00,229.5593
16/04/2019 08,161.48456
16/04/2019 16,120.47738
17/04/2019 00,102.19441
17/04/2019 08,250.97635
17/04/2019 16,175.71985
18/04/2019 00,124.11991
18/04/2019 08,138.78629
18/04/2019 16,83.60926
19/04/2019 00,146.71803
19/04/2019 08,184.38666
19/04/2019 16,178.80357
20/04/2019 00,128.88081
20/04/2019 08,141.4458
20/04/2019 16,181.96178
21/04/2019 00,74.62416
21/04/2019 08,103.60591
21/04/2019 16,187.2095
22/04/2019 00,72.61402
22/04/2019 08,190.44763
22/04/2019 16,209.49763
23/04/2019 00,115.536964
23/04/2019 08,136.76498
23/04/2019 16,74.89658
24/04/2019 00,106.702324
24/04/2019 08,195.87796
24/04/2019 16,224.50632
25/04/2019 00,101.95884
25/04/2019 08,211.87328
25/04/2019 16,80.62969
26/04/2019 00,204.52556
26/04/2019 08,103.84607
26/04/2019 16,180.99922
27/04/2019 00,93.347046
27/04/2019 08,163.2592
27/04/2019 16,139.50244
28/04/2019 00,260.34207
28/04/2019 08,186.15044
28/04/2019 16,162.1568
29/04/2019 00,126.765854
29/04/2019 08,168.31671
29/04/2019 16,201.691
30/04/2019 00,271.62344
30/04/2019 08,72.82071
30/04/2019 16,200.13094
01/05/2019 00,92.083664
01/05/2019 08,75.37258
01/05/2019 16,105.88731
02/05/2019 00,232.01259
02/05/2019 08,113.831184
02/05/2019 16,249.04272
03/05/2019 00,173.2227
03/05/2019 08,208.81982
03/05/2019 16,145.78275
04/05/2019 00,177.02216
04/05/2019 08,218.99307
04/05/2019 16,134.00847
05/05/2019 00,125.59521
05/05/2019 08,152.2145
05/05/2019 16,138.74124
06/05/2019 00,236.5085
06/05/2019 08,94.838585
06/05/2019 16,110.73914
07/05/2019 00,62.104465
07/05/2019 08,155.41043
07/05/2019 16,126.549194
08/05/2019 00,138.86946
08/05/2019 08,143.14322
08/05/2019 16,340.29575
09/05/2019 00,170.10966
09/05/2019 08,206.3804
09/05/2019 16,207.82849
10/05/2019 00,124.89717
10/05/2019 08,116.240585
10/05/2019 16,119.75917
11/05/2019 00,230.33145
11/05/2019 08,181.75069
11/05/2019 16,66.43507
12/05/2019 00,212.64378
12/05/2019 08,242.89886
12/05/2019 16,224.05775
13/05/2019 00,78.83721
13/05/2019 08,229.3531
13/05/2019 16,210.89124
14/05/2019 00,101.014435
14/05/2019 08,83.19305
14/05/2019 16,157.13696
15/05/2019 00,94.72048
15/05/2019 08,148.17865
15/05/2019 16,220.49973
16/05/2019 00,93.60843
16/05/2019 08,206.97516
16/05/2019 16,136.66902
17/05/2019 00,211.69713
17/05/2019 08,129.81125
17/05/2019 16,173.8373
18/05/2019 00,81.39452
18/05/2019 08,107.2904
18/05/2019 16,154.85803
19/05/2019 00,132.34595
19/05/2019 08,126.01213
19/05/2019 16,216.23083
20/05/2019 00,159.98605
20/05/2019 08,294.01608
20/05/2019 16,64.06626
21/05/2019 00,177.8081
21/05/2019 08,153.58229
21/05/2019 16,211.31244
22/05/2019 00,212.19817
22/05/2019 08,103.2711
22/05/2019 16,254.55278
23/05/2019 00,154.74751
23/05/2019 08,182.8891
23/05/2019 16,207.02191
24/05/2019 00,234.61034
24/05/2019 08,101.38822
24/05/2019 16,133.67073
25/05/2019 00,177.12029
25/05/2019 08,146.38274
25/05/2019 16,96.32691
26/05/2019 00,162.83795
26/05/2019 08,162.35564
26/05/2019 16,85.26227
27/05/2019 00,63.52291
27/05/2019 08,147.42564
27/05/2019 16,341.3652
28/05/2019 00,239.42633
28/05/2019 08,248.3643
28/05/2019 16,103.58353
29/05/2019 00,143.56784
29/05/2019 08,270.66223
29/05/2019 16,101.61778
30/05/2019 00,273.25888
30/05/2019 08,69.8389
30/05/2019 16,91.37571
31/05/2019 00,303.75485
31/05/2019 08,84.489876
31/05/2019 16,297.10522
01/06/2019 00,99.04459
01/06/2019 08,153.3949
01/06/2019 16,305.66547
02/06/2019 00,255.0259
02/06/2019 08,118.33367
02/06/2019 16,120.567055
03/06/2019 00,165.88403
03/06/2019 08,66.01928
03/06/2019 16,80.10514
04/06/2019 00,103.10003
04/06/2019 08,132.41763
04/06/2019 16,265.04266
05/06/2019 00,236.54027
05/06/2019 08,294.95908
05/06/2019 16,114.64423
06/06/2019 00,111.13575
06/06/2019 08,303.63916
06/06/2019 16,263.14667
07/06/2019 00,145.50977
07/06/2019 08,155.9578
07/06/2019 16,196.74542
08/06/2019 00,188.31288
08/06/2019 08,240.64523
08/06/2019 16,177.1377
09/06/2019 00,94.3081
09/06/2019 08,139.04707
09/06/2019 16,205.08655
10/06/2019 00,183.17578
10/06/2019 08,103.368866
10/06/2019 16,228.79684
11/06/2019 00,140.41298
11/06/2019 08,343.77734
11/06/2019 16,132.51111
12/06/2019 00,120.33459
12/06/2019 08,193.4319
12/06/2019 16,141.71953
13/06/2019 00,152.70203
13/06/2019 08,144.82887
13/06/2019 16,251.78468
14/06/2019 00,66.913185
14/06/2019 08,93.872856
14/06/2019 16,227.13293
15/06/2019 00,123.28012
15/06/2019 08,148.39792
15/06/2019 16,136.20053
16/06/2019 00,220.44095
16/06/2019 08,230.38208
16/06/2019 16,129.7286
17/06/2019 00,78.870804
17/06/2019 08,164.20815
17/06/2019 16,212.50627
18/06/2019 00,115.970245
18/06/2019 08,289.06702
18/06/2019 16,222.00218
19/06/2019 00,223.09523
19/06/2019 08,189.89485
19/06/2019 16,84.10522
20/06/2019 00,233.45555
20/06/2019 08,137.30199
20/06/2019 16,119.16931
21/06/2019 00,163.57861
21/06/2019 08,95.05807
21/06/2019 16,181.95639
22/06/2019 00,138.76791
22/06/2019 08,97.89727
22/06/2019 16,164.87033
23/06/2019 00,285.84824
23/06/2019 08,175.06322
23/06/2019 16,92.688385
24/06/2019 00,188.24765
24/06/2019 08,112.87036
24/06/2019 16,154.6253
25/06/2019 00,174.03798
25/06/2019 08,130.742
25/06/2019 16,80.471016
26/06/2019 00,46.13294
26/06/2019 08,39.99466
26/06/2019 16,197.84569
27/06/2019 00,144.58356
27/06/2019 08,147.48854
27/06/2019 16,107.074066
28/06/2019 00,180.15318
28/06/2019 08,73.69927
28/06/2019 16,195.30688
29/06/2019 00,103.80185
29/06/2019 08,133.12929
29/06/2019 16,127.529106
30/06/2019 00,118.25213
30/06/2019 08,145.46852
30/06/2019 16,186.74413
01/07/2019 00,264.32523
01/07/2019 08,258.5341
01/07/2019 16,234.66895
02/07/2019 00,145.26817
02/07/2019 08,152.66313
02/07/2019 16,99.13674
03/07/2019 00,110.126884
03/07/2019 08,155.74709
03/07/2019 16,92.46029
04/07/2019 00,166.82854
04/07/2019 08,243.5078
04/07/2019 16,159.98228
05/07/2019 00,209.16248
05/07/2019 08,53.11148
05/07/2019 16,103.47022
06/07/2019 00,47.440712
06/07/2019 08,219.78151
06/07/2019 16,229.67334
07/07/2019 00,187.24101
07/07/2019 08,97.77678
07/07/2019 16,112.10069
08/07/2019 00,194.26387
08/07/2019 08,274.3877
08/07/2019 16,261.69083
09/07/2019 00,103.29283
09/07/2019 08,155.64224
09/07/2019 16,176.70816
10/07/2019 00,113.55588
10/07/2019 08,101.06576
10/07/2019 16,263.40582
11/07/2019 00,160.85457
11/07/2019 08,236.36124
11/07/2019 16,107.79372
12/07/2019 00,135.59065
12/07/2019 08,55.747063
12/07/2019 16,237.19357
13/07/2019 00,142.85457
13/07/2019 08,106.41359
13/07/2019 16,235.9948
14/07/2019 00,250.78662
14/07/2019 08,140.27808
14/07/2019 16,133.93886
15/07/2019 00,220.98994
15/07/2019 08,111.32007
15/07/2019 16,139.73904
16/07/2019 00,159.9084
16/07/2019 08,226.3395
16/07/2019 16,249.29213
17/07/2019 00,114.774414
17/07/2019 08,258.63904
17/07/2019 16,103.41858
18/07/2019 00,201.2356
18/07/2019 08,153.2532
18/07/2019 16,69.24618
19/07/2019 00,143.53839
19/07/2019 08,57.303566
19/07/2019 16,104.818634
20/07/2019 00,329.24338
20/07/2019 08,162.21404
20/07/2019 16,98.93321
21/07/2019 00,160.02393
21/07/2019 08,315.2064
21/07/2019 16,258.91595
22/07/2019 00,222.40341
22/07/2019 08,235.01976
22/07/2019 16,199.24521
23/07/2019 00,233.94852
23/07/2019 08,168.11377
23/07/2019 16,192.64877
24/07/2019 00,289.82407
24/07/2019 08,172.69838
24/07/2019 16,180.66644
25/07/2019 00,160.97818
25/07/2019 08,258.7763
25/07/2019 16,313.88297
26/07/2019 00,229.83636
26/07/2019 08,120.61592
26/07/2019 16,106.78411
27/07/2019 00,153.02501
27/07/2019 08,186.9667
27/07/2019 16,383.17966
28/07/2019 00,200.50937
28/07/2019 08,182.78346
28/07/2019 16,179.14244
29/07/2019 00,227.20792
29/07/2019 08,104.23318
29/07/2019 16,92.74473
30/07/2019 00,66.07364
30/07/2019 08,267.77014
30/07/2019 16,311.72632
31/07/2019 00,187.66403
31/07/2019 08,65.29674
31/07/2019 16,63.10571
01/08/2019 00,67.14206
01/08/2019 08,151.48248
01/08/2019 16,74.78445
02/08/2019 00,68.059296
02/08/2019 08,198.17621
02/08/2019 16,228.65303
03/08/2019 00,116.299904
03/08/2019 08,132.55566
03/08/2019 16,232.81749
04/08/2019 00,183.79427
04/08/2019 08,214.58118
04/08/2019 16,175.83408
05/08/2019 00,112.91483
05/08/2019 08,138.0065
05/08/2019 16,270.43936
06/08/2019 00,111.891815
06/08/2019 08,133.58382
06/08/2019 16,163.38402
07/08/2019 00,211.30571
07/08/2019 08,212.03937
07/08/2019 16,203.9882
08/08/2019 00,124.16503
08/08/2019 08,353.3381
08/08/2019 16,151.43431
09/08/2019 00,106.0904
09/08/2019 08,67.47355
09/08/2019 16,109.29514
10/08/2019 00,195.02417
10/08/2019 08,82.86974
10/08/2019 16,84.265945
11/08/2019 00,147.89096
11/08/2019 08,182.97458
11/08/2019 16,303.10745
12/08/2019 00,197.13155
12/08/2019 08,326.35648
12/08/2019 16,189.23521
13/08/2019 00,244.33331
13/08/2019 08,122.93417
13/08/2019 16,281.8875
14/08/2019 00,126.44273
14/08/2019 08,139.35762
14/08/2019 16,87.67803
15/08/2019 00,203.58281
15/08/2019 08,137.93011
15/08/2019 16,119.34112
16/08/2019 00,118.09899
16/08/2019 08,113.9713
16/08/2019 16,120.712166
17/08/2019 00,117.778366
17/08/2019 08,64.624886
17/08/2019 16,142.13617
18/08/2019 00,186.87488
18/08/2019 08,265.38342
18/08/2019 16,104.85971
19/08/2019 00,195.52574
19/08/2019 08,71.1367
19/08/2019 16,65.47253
20/08/2019 00,308.86084
20/08/2019 08,114.86412
20/08/2019 16,76.647995
21/08/2019 00,118.28873
21/08/2019 08,212.83934
21/08/2019 16,65.23033
22/08/2019 00,253.58636
22/08/2019 08,380.84644
22/08/2019 16,89.59978
23/08/2019 00,107.66198
23/08/2019 08,126.86733
23/08/2019 16,200.93413
24/08/2019 00,237.1898
24/08/2019 08,101.26571
24/08/2019 16,166.8066
25/08/2019 00,86.779884
25/08/2019 08,111.402084
25/08/2019 16,201.15785
26/08/2019 00,144.33345
26/08/2019 08,48.969097
26/08/2019 16,169.34433
27/08/2019 00,196.49289
27/08/2019 08,123.56521
27/08/2019 16,143.27415
28/08/2019 00,160.86635
28/08/2019 08,229.64954
28/08/2019 16,133.59334
29/08/2019 00,104.577126
29/08/2019 08,169.45996
29/08/2019 16,89.786385
30/08/2019 00,117.07116
30/08/2019 08,246.60612
30/08/2019 16,209.67688
31/08/2019 00,135.18217
31/08/2019 08,164.97621
31/08/2019 16,108.45139
01/09/2019 00,126.1254
01/09/2019 08,169.78143
01/09/2019 16,50.294697
02/09/2019 00,124.73338
02/09/2019 08,225.79214
02/09/2019 16,168.92957
03/09/2019 00,111.00798
03/09/2019 08,246.14816
03/09/2019 16,377.2519
04/09/2019 00,93.27778
04/09/2019 08,115.04729
04/09/2019 16,339.02515
05/09/2019 00,222.9587
05/09/2019 08,68.64319
05/09/2019 16,104.71001
06/09/2019 00,162.40266
06/09/2019 08,129.36647
06/09/2019 16,153.64774
07/09/2019 00,141.8313
07/09/2019 08,67.78941
07/09/2019 16,65.896706
08/09/2019 00,182.4556
08/09/2019 08,85.747314
08/09/2019 16,141.54222
09/09/2019 00,143.17178
09/09/2019 08,132.52466
09/09/2019 16,85.19449
10/09/2019 00,101.21476
10/09/2019 08,173.07791
10/09/2019 16,179.38657
11/09/2019 00,88.31251
11/09/2019 08,139.38722
11/09/2019 16,134.59897
12/09/2019 00,236.50389
12/09/2019 08,243.1623
12/09/2019 16,348.93912
13/09/2019 00,288.96942
13/09/2019 08,194.0927
13/09/2019 16,76.90222
14/09/2019 00,169.03664
14/09/2019 08,152.36414
14/09/2019 16,192.684
15/09/2019 00,266.7602
15/09/2019 08,236.12355
15/09/2019 16,191.88908
16/09/2019 00,222.33351
16/09/2019 08,202.40144
16/09/2019 16,173.36578
17/09/2019 00,107.02897
17/09/2019 08,232.77261
17/09/2019 16,226.94423
18/09/2019 00,83.482475
18/09/2019 08,134.48569
18/09/2019 16,125.61314
19/09/2019 00,157.11656
19/09/2019 08,219.06635
19/09/2019 16,76.262115
20/09/2019 00,182.28026
20/09/2019 08,131.05962
20/09/2019 16,71.48835
21/09/2019 00,101.05344
21/09/2019 08,187.59586
21/09/2019 16,156.53616
22/09/2019 00,152.4839
22/09/2019 08,265.12897
22/09/2019 16,99.350136
23/09/2019 00,259.9454
23/09/2019 08,187.65868
23/09/2019 16,255.15416
24/09/2019 00,249.5357
24/09/2019 08,145.33694
24/09/2019 16,169.05876
25/09/2019 00,181.21556
25/09/2019 08,155.93391
25/09/2019 16,90.019714
26/09/2019 00,117.07205
26/09/2019 08,113.93981
26/09/2019 16,106.89612
27/09/2019 00,188.72919
27/09/2019 08,162.39014
27/09/2019 16,191.99004
28/09/2019 00,149.18153
28/09/2019 08,309.87173
28/09/2019 16,91.72799
29/09/2019 00,103.524155
29/09/2019 08,82.20063
29/09/2019 16,159.55476
30/09/2019 00,139.74236
30/09/2019 08,172.37823
30/09/2019 16,92.924965
01/10/2019 00,180.56055
01/10/2019 08,219.17546
01/10/2019 16,129.36002
02/10/2019 00,408.09167
02/10/2019 08,120.44168
02/10/2019 16,181.17157
03/10/2019 00,214.096
03/10/2019 08,167.24385
03/10/2019 16,191.35077
04/10/2019 00,129.93478
04/10/2019 08,174.13272
04/10/2019 16,313.41476
05/10/2019 00,50.502567
05/10/2019 08,255.99446
05/10/2019 16,93.27332
06/10/2019 00,134.99397
06/10/2019 08,129.16663
06/10/2019 16,361.71814
07/10/2019 00,117.688576
07/10/2019 08,249.7992
07/10/2019 16,187.82953
08/10/2019 00,114.23245
08/10/2019 08,38.910854
08/10/2019 16,96.349976
09/10/2019 00,215.63312
09/10/2019 08,195.4063
09/10/2019 16,258.92892
10/10/2019 00,200.10873
10/10/2019 08,179.90318
10/10/2019 16,197.17757
11/10/2019 00,147.02098
11/10/2019 08,141.72527
11/10/2019 16,264.18494
12/10/2019 00,224.28864
12/10/2019 08,183.58372
12/10/2019 16,231.71646
13/10/2019 00,187.05049
13/10/2019 08,154.34462
13/10/2019 16,244.85934
14/10/2019 00,100.44855
14/10/2019 08,126.58798
14/10/2019 16,133.20363
15/10/2019 00,88.060356
15/10/2019 08,259.06342
15/10/2019 16,102.52766
16/10/2019 00,290.55728
16/10/2019 08,188.66336
16/10/2019 16,108.83658
17/10/2019 00,118.14863
17/10/2019 08,297.7089
17/10/2019 16,133.80447
18/10/2019 00,233.3726
18/10/2019 08,357.5655
18/10/2019 16,108.37038
19/10/2019 00,82.89281
19/10/2019 08,257.7113
19/10/2019 16,238.0509
20/10/2019 00,148.86621
20/10/2019 08,135.5363
20/10/2019 16,204.94656
21/10/2019 00,305.96402
21/10/2019 08,131.71735
21/10/2019 16,223.3364
22/10/2019 00,203.79486
22/10/2019 08,190.52087
22/10/2019 16,140.1499
23/10/2019 00,66.6548
23/10/2019 08,137.73708
23/10/2019 16,127.70732
24/10/2019 00,72.03703
24/10/2019 08,143.87773
24/10/2019 16,86.86901
25/10/2019 00,258.1414
25/10/2019 08,237.28429
25/10/2019 16,165.68292
26/10/2019 00,235.88304
26/10/2019 08,152.2752
26/10/2019 16,120.03525
27/10/2019 00,179.18909
27/10/2019 08,72.56447
27/10/2019 16,198.50685
28/10/2019 00,153.8107
28/10/2019 08,213.25629
28/10/2019 16,125.05897
29/10/2019 00,329.98782
29/10/2019 08,119.178734
29/10/2019 16,126.22304
30/10/2019 00,365.26242
30/10/2019 08,197.05049
30/10/2019 16,93.73968
31/10/2019 00,184.59299
31/10/2019 08,76.92188
31/10/2019 16,107.32534
01/11/2019 00,167.99834
01/11/2019 08,182.06064
01/11/2019 16,93.10876
02/11/2019 00,81.433975
02/11/2019 08,204.6413
02/11/2019 16,116.91863
03/11/2019 00,212.53244
03/11/2019 08,233.7335
03/11/2019 16,141.48924
04/11/2019 00,97.524124
04/11/2019 08,164.7272
04/11/2019 16,102.35726
05/11/2019 00,69.88337
05/11/2019 08,121.33471
05/11/2019 16,295.47183
06/11/2019 00,143.97282
06/11/2019 08,229.85687
06/11/2019 16,151.95993
07/11/2019 00,78.81565
07/11/2019 08,224.77383
07/11/2019 16,304.84888
08/11/2019 00,229.48653
08/11/2019 08,247.89636
08/11/2019 16,173.59102
09/11/2019 00,164.76569
09/11/2019 08,213.80086
09/11/2019 16,165.65062
10/11/2019 00,255.48949
10/11/2019 08,118.52707
10/11/2019 16,262.2822
11/11/2019 00,137.86267
11/11/2019 08,202.96172
11/11/2019 16,98.62023
12/11/2019 00,127.35617
12/11/2019 08,183.93654
12/11/2019 16,367.81
13/11/2019 00,285.87418
13/11/2019 08,136.3813
13/11/2019 16,221.24939
14/11/2019 00,149.226
14/11/2019 08,273.71317
14/11/2019 16,119.44785
15/11/2019 00,229.84853
15/11/2019 08,113.309235
15/11/2019 16,114.02614
16/11/2019 00,140.77164
16/11/2019 08,233.25128
16/11/2019 16,128.96574
17/11/2019 00,283.42157
17/11/2019 08,247.57207
17/11/2019 16,138.20454
18/11/2019 00,104.05559
18/11/2019 08,202.69128
18/11/2019 16,208.97772
19/11/2019 00,219.37627
19/11/2019 08,238.6896
19/11/2019 16,179.27856
20/11/2019 00,184.03426
20/11/2019 08,223.42244
20/11/2019 16,205.45695
21/11/2019 00,128.0485
21/11/2019 08,163.29265
21/11/2019 16,105.63295
22/11/2019 00,166.36578
22/11/2019 08,148.29555
22/11/2019 16,77.48243
23/11/2019 00,172.515
23/11/2019 08,212.58737
23/11/2019 16,102.76955
24/11/2019 00,233.89908
24/11/2019 08,104.693695
24/11/2019 16,225.88078
25/11/2019 00,95.84299
25/11/2019 08,106.98623
25/11/2019 16,195.98035
26/11/2019 00,183.90065
26/11/2019 08,217.62895
26/11/2019 16,243.6293
27/11/2019 00,247.70631
27/11/2019 08,103.3241
27/11/2019 16,189.0312
28/11/2019 00,137.90598
28/11/2019 08,302.3663
28/11/2019 16,169.28204
29/11/2019 00,203.52446
29/11/2019 08,104.31365
29/11/2019 16,138.47522
30/11/2019 00,132.1424
30/11/2019 08,210.94514
30/11/2019 16,102.30696
01/12/2019 00,115.43424
01/12/2019 08,204.67197
01/12/2019 16,92.92582
02/12/2019 00,227.4307
02/12/2019 08,239.78151
02/12/2019 16,154.05052
03/12/2019 00,157.6224
03/12/2019 08,185.99545
03/12/2019 16,102.16707
04/12/2019 00,230.5749
04/12/2019 08,245.0083
04/12/2019 16,337.93185
05/12/2019 00,79.6761
05/12/2019 08,107.72045
05/12/2019 16,118.95493
06/12/2019 00,137.90065
06/12/2019 08,220.02414
06/12/2019 16,206.86357
07/12/2019 00,184.56927
07/12/2019 08,226.74405
07/12/2019 16,306.53085
08/12/2019 00,137.55783
08/12/2019 08,172.99077
08/12/2019 16,275.02695
09/12/2019 00,129.84619
09/12/2019 08,138.21457
09/12/2019 16,227.91913
10/12/2019 00,267.00992
10/12/2019 08,177.99709
10/12/2019 16,95.79871
11/12/2019 00,200.35957
11/12/2019 08,93.87235
11/12/2019 16,57.90202
12/12/2019 00,96.68125
12/12/2019 08,161.1533
12/12/2019 16,77.41537
13/12/2019 00,341.47488
13/12/2019 08,68.77775
13/12/2019 16,79.40339
14/12/2019 00,90.08663
14/12/2019 08,130.02904
14/12/2019 16,92.11629
15/12/2019 00,122.37228
15/12/2019 08,292.35785
15/12/2019 16,234.72667
16/12/2019 00,140.40701
16/12/2019 08,42.80461
16/12/2019 16,212.14586
17/12/2019 00,156.52014
17/12/2019 08,123.50731
17/12/2019 16,102.85361
18/12/2019 00,163.8991
18/12/2019 08,221.77498
18/12/2019 16,209.81535
19/12/2019 00,117.34001
19/12/2019 08,165.85208
19/12/2019 16,101.03245
20/12/2019 00,151.5114
20/12/2019 08,104.774345
20/12/2019 16,133.2062
21/12/2019 00,291.65063
21/12/2019 08,211.49236
21/12/2019 16,46.679344
22/12/2019 00,92.6361
22/12/2019 08,125.84581
22/12/2019 16,185.27745
23/12/2019 00,132.88428
23/12/2019 08,77.66448
23/12/2019 16,98.36598
24/12/2019 00,299.89383
24/12/2019 08,207.46326
24/12/2019 16,113.232704
25/12/2019 00,185.14262
25/12/2019 08,181.90073
25/12/2019 16,210.7193
26/12/2019 00,87.42653
26/12/2019 08,122.416695
26/12/2019 16,186.81668
27/12/2019 00,213.16518
27/12/2019 08,98.57212
27/12/2019 16,147.27861
28/12/2019 00,180.04044
28/12/2019 08,297.2624
28/12/2019 16,184.03317
29/12/2019 00,66.80819
29/12/2019 08,124.36922
29/12/2019 16,120.873764
30/12/2019 00,79.04096
30/12/2019 08,116.499954
30/12/2019 16,140.89082
31/12/2019 00,89.59561
31/12/2019 08,316.7445
31/12/2019 16,165.10046
01/01/2020 00,241.49489
01/01/2020 08,206.75996
01/01/2020 16,115.490974
02/01/2020 00,210.08928
02/01/2020 08,94.36924
02/01/2020 16,145.41548
03/01/2020 00,212.86215
03/01/2020 08,61.32593
03/01/2020 16,129.92963
04/01/2020 00,289.60355
04/01/2020 08,159.41365
04/01/2020 16,118.8466
05/01/2020 00,136.50255
05/01/2020 08,121.61864
05/01/2020 16,63.63504
06/01/2020 00,123.46606
06/01/2020 08,152.8296
06/01/2020 16,150.45302
07/01/2020 00,68.665474
07/01/2020 08,299.72437
07/01/2020 16,68.4988
08/01/2020 00,127.49463
08/01/2020 08,183.46956
08/01/2020 16,145.59547
09/01/2020 00,229.73077
09/01/2020 08,188.7725
09/01/2020 16,86.67349
10/01/2020 00,202.88403
10/01/2020 08,105.43661
10/01/2020 16,157.38818
11/01/2020 00,212.26149
11/01/2020 08,66.794334
11/01/2020 16,57.913155
12/01/2020 00,179.39243
12/01/2020 08,198.35847
12/01/2020 16,236.12392
13/01/2020 00,202.85966
13/01/2020 08,264.4367
13/01/2020 16,112.53715
14/01/2020 00,243.11781
14/01/2020 08,273.79004
14/01/2020 16,132.08125
15/01/2020 00,138.35265
15/01/2020 08,132.79886
15/01/2020 16,105.24023
16/01/2020 00,106.92174
16/01/2020 08,128.87643
16/01/2020 16,225.72234
17/01/2020 00,228.02579
17/01/2020 08,191.06755
17/01/2020 16,115.15449
18/01/2020 00,103.345146
18/01/2020 08,118.50926
18/01/2020 16,143.70805
19/01/2020 00,77.86118
19/01/2020 08,45.385155
19/01/2020 16,163.09877
20/01/2020 00,113.78714
20/01/2020 08,166.54883
20/01/2020 16,102.5724
21/01/2020 00,173.90495
21/01/2020 08,61.54201
21/01/2020 16,176.55151
22/01/2020 00,182.53363
22/01/2020 08,212.7258
22/01/2020 16,250.61359
23/01/2020 00,159.98605
23/01/2020 08,139.34067
23/01/2020 16,63.059147
24/01/2020 00,212.10326
24/01/2020 08,181.79942
24/01/2020 16,165.10599
25/01/2020 00,56.95981
25/01/2020 08,168.42116
25/01/2020 16,214.87257
26/01/2020 00,93.17977
26/01/2020 08,335.0793
26/01/2020 16,206.15886
27/01/2020 00,318.81918
27/01/2020 08,140.58385
27/01/2020 16,98.40892
28/01/2020 00,60.614105
28/01/2020 08,100.81222
28/01/2020 16,158.36185
29/01/2020 00,138.96506
29/01/2020 08,145.40625
29/01/2020 16,177.27939
30/01/2020 00,68.42211
30/01/2020 08,159.69374
30/01/2020 16,130.43481
31/01/2020 00,122.80733
31/01/2020 08,109.63997
31/01/2020 16,357.63388
01/02/2020 00,117.57657
01/02/2020 08,147.72987
01/02/2020 16,129.98055
02/02/2020 00,97.56121
02/02/2020 08,167.07928
02/02/2020 16,61.186283
03/02/2020 00,150.26692
03/02/2020 08,274.24857
03/02/2020 16,140.4751
04/02/2020 00,127.72592
04/02/2020 08,75.24
04/02/2020 16,131.64693
05/02/2020 00,146.10516
05/02/2020 08,209.67503
05/02/2020 16,228.8769
06/02/2020 00,138.04408
06/02/2020 08,156.51779
06/02/2020 16,205.43474
07/02/2020 00,177.33708
07/02/2020 08,167.41403
07/02/2020 16,204.66441
08/02/2020 00,144.6355
08/02/2020 08,82.642204
08/02/2020 16,130.6792
09/02/2020 00,212.979
09/02/2020 08,120.01495
09/02/2020 16,60.52243
10/02/2020 00,192.49228
10/02/2020 08,211.33528
10/02/2020 16,169.509
11/02/2020 00,84.549225
11/02/2020 08,187.31395
11/02/2020 16,282.38925
12/02/2020 00,84.255936
12/02/2020 08,234.14526
12/02/2020 16,240.22394
13/02/2020 00,265.03012
13/02/2020 08,298.74988
13/02/2020 16,126.686516
14/02/2020 00,168.18263
14/02/2020 08,206.29588
14/02/2020 16,189.78653
15/02/2020 00,86.090805
15/02/2020 08,64.81656
15/02/2020 16,232.92326
16/02/2020 00,89.32248
16/02/2020 08,126.180504
16/02/2020 16,124.572334
17/02/2020 00,112.74398
17/02/2020 08,240.10164
17/02/2020 16,58.682915
18/02/2020 00,113.2735
18/02/2020 08,72.59251
18/02/2020 16,124.728806
19/02/2020 00,196.54254
19/02/2020 08,81.70086
19/02/2020 16,82.372505
20/02/2020 00,185.84135
20/02/2020 08,50.905914
20/02/2020 16,61.05585
21/02/2020 00,114.1041
21/02/2020 08,101.05063
21/02/2020 16,129.30827
22/02/2020 00,159.38783
22/02/2020 08,123.45789
22/02/2020 16,146.73218
23/02/2020 00,154.72163
23/02/2020 08,127.139824
23/02/2020 16,169.09352
24/02/2020 00,112.1804
24/02/2020 08,81.046875
24/02/2020 16,210.46591
25/02/2020 00,234.69061
25/02/2020 08,98.82086
25/02/2020 16,163.3094
26/02/2020 00,118.173416
26/02/2020 08,144.2614
26/02/2020 16,90.06844
27/02/2020 00,168.60413
27/02/2020 08,87.92107
27/02/2020 16,112.63809
28/02/2020 00,106.00984
28/02/2020 08,134.5401
28/02/2020 16,179.83566
29/02/2020 00,140.21407
29/02/2020 08,276.38025
29/02/2020 16,135.918
01/03/2020 00,124.5025
01/03/2020 08,185.94032
01/03/2020 16,303.19
02/03/2020 00,113.39489
02/03/2020 08,91.82249
02/03/2020 16,107.663124
03/03/2020 00,170.50095
03/03/2020 08,67.13438
03/03/2020 16,162.18774
04/03/2020 00,206.12778
04/03/2020 08,133.2551
04/03/2020 16,87.439766
05/03/2020 00,156.70554
05/03/2020 08,278.65576
05/03/2020 16,79.917946
06/03/2020 00,342.1338
06/03/2020 08,101.10701
06/03/2020 16,63.847202
07/03/2020 00,123.82718
07/03/2020 08,188.09421
07/03/2020 16,212.68759
08/03/2020 00,134.79996
08/03/2020 08,202.09879
08/03/2020 16,203.22641
09/03/2020 00,312.57162
09/03/2020 08,282.18253
09/03/2020 16,198.46974
10/03/2020 00,119.29215
10/03/2020 08,144.34375
10/03/2020 16,252.04364
11/03/2020 00,218.8276
11/03/2020 08,151.86086
11/03/2020 16,73.757484
12/03/2020 00,145.86066
12/03/2020 08,189.97037
12/03/2020 16,284.74957
13/03/2020 00,131.35988
13/03/2020 08,85.13985
13/03/2020 16,208.51276
14/03/2020 00,232.6128
14/03/2020 08,132.4595
14/03/2020 16,188.26949
15/03/2020 00,105.00235
15/03/2020 08,245.79929
15/03/2020 16,346.34848
16/03/2020 00,221.24365
16/03/2020 08,123.341515
16/03/2020 16,115.71152
17/03/2020 00,54.01669
17/03/2020 08,256.55475
17/03/2020 16,137.0039
18/03/2020 00,218.16592
18/03/2020 08,115.97805
18/03/2020 16,245.74504
19/03/2020 00,82.24772
19/03/2020 08,192.32695
19/03/2020 16,103.3277
20/03/2020 00,219.00279
20/03/2020 08,193.8733
20/03/2020 16,206.40431
21/03/2020 00,112.287094
21/03/2020 08,70.95586
21/03/2020 16,137.5928
22/03/2020 00,171.4457
22/03/2020 08,208.2621
22/03/2020 16,206.06248
23/03/2020 00,355.38638
23/03/2020 08,154.20636
23/03/2020 16,144.41489
24/03/2020 00,56.689983
24/03/2020 08,168.17175
24/03/2020 16,110.13674
25/03/2020 00,127.568275
25/03/2020 08,111.78853
25/03/2020 16,120.82322
26/03/2020 00,60.318226
26/03/2020 08,229.21666
26/03/2020 16,128.74841
27/03/2020 00,194.75775
27/03/2020 08,287.80893
27/03/2020 16,146.9182
28/03/2020 00,176.34819
28/03/2020 08,249.70627
28/03/2020 16,233.99545
29/03/2020 00,202.24272
29/03/2020 08,156.87251
29/03/2020 16,148.0493
30/03/2020 00,238.40913
30/03/2020 08,139.50192
30/03/2020 16,92.81113
31/03/2020 00,171.75801
31/03/2020 08,81.86428
31/03/2020 16,193.07391
01/04/2020 00,237.59596
01/04/2020 08,77.816605
01/04/2020 16,208.01866
02/04/2020 00,161.77312
02/04/2020 08,77.64467
